Order ID,Order Date,Customer ID,Product ID,Quantity,Sales,City,Country,Loyalty Card,Coffee Type,Roast Type,Size,Unit Price,Price per 100g,Profit,Order year,order Month,Month Name,Total Profit
QEV-37451-860,2019-09-05,17670-51384-MA,R-M-1,2,19.9,Paterson,United States,Yes,Rob,M,1.0,9.95,0.995,0.597,2019,9,September,1.194
QEV-37451-860,2019-09-05,17670-51384-MA,E-M-0.5,5,41.25,Paterson,United States,Yes,Exc,M,0.5,8.25,1.65,0.9075,2019,9,September,4.5375
FAA-43335-268,2021-06-17,21125-22134-PX,A-L-1,1,12.95,San Antonio,United States,Yes,Ara,L,1.0,12.95,1.295,1.1655,2021,6,June,1.1655
KAC-83089-793,2021-07-15,23806-46781-OU,E-M-1,2,27.5,Cill Airne,Ireland,No,Exc,M,1.0,13.75,1.375,1.5125,2021,7,July,3.025
KAC-83089-793,2021-07-15,23806-46781-OU,R-L-2.5,2,54.96999999999999,Cill Airne,Ireland,No,Rob,L,2.5,27.485,1.0994,1.6490999999999998,2021,7,July,3.2982
CVP-18956-553,2021-08-04,86561-91660-RB,L-D-1,3,38.85,Scranton,United States,No,Lib,D,1.0,12.95,1.295,1.6835,2021,8,August,5.0505
IPP-31994-879,2022-01-21,65223-29612-CB,E-D-0.5,3,21.87,Dayton,United States,Yes,Exc,D,0.5,7.29,1.458,0.8019000000000001,2022,1,January,2.4057000000000004
SNZ-65340-705,2022-05-20,21134-81676-FR,L-L-0.2,1,4.755,Kill,Ireland,Yes,Lib,L,0.2,4.755,2.3775,0.61815,2022,5,May,0.61815
EZT-46571-659,2019-01-02,03396-68805-ZC,R-M-0.5,3,17.91,Los Angeles,United States,No,Rob,M,0.5,5.97,1.194,0.3581999999999999,2019,1,January,1.0745999999999998
NWQ-70061-912,2019-09-05,61021-27840-ZN,R-M-0.5,1,5.97,Los Angeles,United States,No,Rob,M,0.5,5.97,1.194,0.3581999999999999,2019,9,September,0.3581999999999999
BKK-47233-845,2021-03-08,76239-90137-UQ,A-D-1,4,39.8,San Jose,United States,No,Ara,D,1.0,9.95,0.995,0.8954999999999999,2021,3,March,3.5819999999999994
VQR-01002-970,2020-10-28,49315-21985-BB,E-L-2.5,5,170.77499999999998,San Jose,United States,Yes,Exc,L,2.5,34.154999999999994,1.3662,3.75705,2020,10,October,18.78525
SZW-48378-399,2022-07-02,34136-36674-OM,R-M-1,5,49.75,Richmond,United States,No,Rob,M,1.0,9.95,0.995,0.597,2022,7,July,2.985
ITA-87418-783,2020-05-22,39396-12890-PE,R-D-2.5,2,41.17,Migrate,United States,No,Rob,D,2.5,20.585,0.8233999999999999,1.2351,2020,5,May,2.4702
GNZ-46006-527,2022-04-05,95875-73336-RG,L-D-0.2,3,11.655,Saint Louis,United States,Yes,Lib,D,0.2,3.885,1.9425,0.50505,2022,4,April,1.51515
FYQ-78248-319,2022-06-07,25473-43727-BY,R-M-2.5,5,114.42499999999998,Philadelphia,United States,No,Rob,M,2.5,22.885,0.9154,1.3730999999999998,2022,6,June,6.865499999999999
VAU-44387-624,2019-03-20,99643-51048-IQ,A-M-0.2,6,20.25,Portland,United States,No,Ara,M,0.2,3.375,1.6875,0.3037499999999999,2019,3,March,1.8225
RDW-33155-159,2019-10-19,62173-15287-CU,A-L-1,6,77.69999999999999,Houston,United States,No,Ara,L,1.0,12.95,1.295,1.1655,2019,10,October,6.993
TDZ-59011-211,2019-06-13,57611-05522-ST,R-D-2.5,4,82.33999999999999,Caherconlish,Ireland,Yes,Rob,D,2.5,20.585,0.8233999999999999,1.2351,2019,6,June,4.9404
IDU-25793-399,2020-12-04,76664-37050-DT,A-M-0.2,5,16.875,New York City,United States,Yes,Ara,M,0.2,3.375,1.6875,0.3037499999999999,2020,12,December,1.5187499999999998
IDU-25793-399,2020-12-04,76664-37050-DT,E-D-0.2,4,14.58,New York City,United States,Yes,Exc,D,0.2,3.645,1.8225,0.40095,2020,12,December,1.6038
NUO-20013-488,2020-12-04,03090-88267-BQ,A-D-0.2,6,17.91,Grand Rapids,United States,No,Ara,D,0.2,2.985,1.4925,0.26865,2020,12,December,1.6119
UQU-65630-479,2021-01-22,37651-47492-NC,R-M-2.5,4,91.54,Punta Gorda,United States,Yes,Rob,M,2.5,22.885,0.9154,1.3730999999999998,2021,1,January,5.492399999999999
FEO-11834-332,2022-02-11,95399-57205-HI,A-D-0.2,4,11.94,Vancouver,United States,Yes,Ara,D,0.2,2.985,1.4925,0.26865,2022,2,February,1.0746
TKY-71558-096,2021-09-15,24010-66714-HW,A-M-1,1,11.25,Englewood,United States,No,Ara,M,1.0,11.25,1.125,1.0125,2021,9,September,1.0125
OXY-65322-253,2020-10-24,07591-92789-UA,E-M-0.2,3,12.375,Punta Gorda,United States,Yes,Exc,M,0.2,4.125,2.0625,0.45375,2020,10,October,1.36125
EVP-43500-491,2019-02-20,49231-44455-IC,A-M-0.5,4,27.0,Petaluma,United States,Yes,Ara,M,0.5,6.75,1.35,0.6074999999999999,2019,2,February,2.43
WAG-26945-689,2019-10-08,50124-88608-EO,A-M-0.2,5,16.875,Tralee,Ireland,No,Ara,M,0.2,3.375,1.6875,0.3037499999999999,2019,10,October,1.5187499999999998
CHE-78995-767,2022-08-02,00888-74814-UZ,A-D-0.5,3,17.91,Clonskeagh,Ireland,No,Ara,D,0.5,5.97,1.194,0.5373,2022,8,August,1.6119
RYZ-14633-602,2019-02-20,14158-30713-OB,A-D-1,4,39.8,Rathwire,Ireland,Yes,Ara,D,1.0,9.95,0.995,0.8954999999999999,2019,2,February,3.5819999999999994
WOQ-36015-429,2021-09-25,51427-89175-QJ,L-M-0.2,5,21.825000000000003,Aurora,United States,No,Lib,M,0.2,4.365,2.1825,0.56745,2021,9,September,2.83725
WOQ-36015-429,2021-09-25,51427-89175-QJ,A-D-0.5,6,35.82,Aurora,United States,No,Ara,D,0.5,5.97,1.194,0.5373,2021,9,September,3.2238
WOQ-36015-429,2021-09-25,51427-89175-QJ,L-M-0.5,6,52.38,Aurora,United States,No,Lib,M,0.5,8.73,1.746,1.1349,2021,9,September,6.8094
SCT-60553-454,2021-07-17,39123-12846-YJ,L-L-0.2,5,23.775,Grand Forks,United States,No,Lib,L,0.2,4.755,2.3775,0.61815,2021,7,July,3.09075
GFK-52063-244,2020-06-29,44981-99666-XB,L-L-0.5,6,57.06,Upton,United Kingdom,Yes,Lib,L,0.5,9.51,1.902,1.2363,2020,6,June,7.4178
AMM-79521-378,2021-06-01,24825-51803-CQ,A-D-0.5,6,35.82,Charleston,United States,No,Ara,D,0.5,5.97,1.194,0.5373,2021,6,June,3.2238
QUQ-90580-772,2021-02-06,77634-13918-GJ,L-M-0.2,2,8.73,Little Rock,United States,No,Lib,M,0.2,4.365,2.1825,0.56745,2021,2,February,1.1349
LGD-24408-274,2019-04-25,13694-25001-LX,L-L-0.5,3,28.53,Denver,United States,No,Lib,L,0.5,9.51,1.902,1.2363,2019,4,April,3.7089
HCT-95608-959,2020-04-25,08523-01791-TI,R-M-2.5,5,114.42499999999998,Minneapolis,United States,No,Rob,M,2.5,22.885,0.9154,1.3730999999999998,2020,4,April,6.865499999999999
OFX-99147-470,2021-11-24,49860-68865-AB,R-M-1,6,59.7,Tucson,United States,Yes,Rob,M,1.0,9.95,0.995,0.597,2021,11,November,3.582
LUO-37559-016,2021-04-19,21240-83132-SP,L-M-1,3,43.650000000000006,New Orleans,United States,No,Lib,M,1.0,14.55,1.455,1.8915,2021,4,April,5.6745
XWC-20610-167,2022-07-07,08350-81623-TF,E-D-0.2,2,7.29,Hartford,United States,Yes,Exc,D,0.2,3.645,1.8225,0.40095,2022,7,July,0.8019000000000001
GPU-79113-136,2019-05-22,73284-01385-SJ,R-D-0.2,3,8.055,Ogden,United States,Yes,Rob,D,0.2,2.685,1.3424999999999998,0.1610999999999999,2019,5,May,0.4832999999999999
ULR-52653-960,2021-10-04,04152-34436-IE,L-L-2.5,2,72.91,Boston,United States,No,Lib,L,2.5,36.455,1.4582,4.73915,2021,10,October,9.4783
HPI-42308-142,2020-04-11,06631-86965-XP,E-M-0.5,2,16.5,Rochester,United States,Yes,Exc,M,0.5,8.25,1.65,0.9075,2020,4,April,1.815
XHI-30227-581,2022-01-31,54619-08558-ZU,L-D-2.5,6,178.70999999999998,Bronx,United States,No,Lib,D,2.5,29.785,1.1913999999999998,3.87205,2022,1,January,23.2323
DJH-05202-380,2019-11-07,85589-17020-CX,E-M-2.5,2,63.24999999999999,Birmingham,United States,Yes,Exc,M,2.5,31.625,1.265,3.47875,2019,11,November,6.9575
VMW-26889-781,2019-06-28,36078-91009-WU,A-L-0.2,2,7.77,San Bernardino,United States,Yes,Ara,L,0.2,3.885,1.9425,0.3496499999999999,2019,6,June,0.6992999999999999
DBU-81099-586,2020-09-11,15770-27099-GX,A-D-2.5,4,91.54,Norfolk,United States,No,Ara,D,2.5,22.885,0.9154,2.0596499999999995,2020,9,September,8.238599999999998
PQA-54820-810,2022-08-17,91460-04823-BX,A-L-1,3,38.85,Washington,United States,No,Ara,L,1.0,12.95,1.295,1.1655,2022,8,August,3.4965
XKB-41924-202,2022-08-19,45089-52817-WN,L-D-0.5,2,15.54,Fort Lauderdale,United States,No,Lib,D,0.5,7.77,1.5539999999999998,1.0101,2022,8,August,2.0202
DWZ-69106-473,2019-05-15,76447-50326-IC,L-L-2.5,4,145.82,Crumlin,Ireland,Yes,Lib,L,2.5,36.455,1.4582,4.73915,2019,5,May,18.9566
YHV-68700-050,2019-09-11,26333-67911-OL,R-M-0.5,5,29.85,Kinloch,United Kingdom,No,Rob,M,0.5,5.97,1.194,0.3581999999999999,2019,9,September,1.791
YHV-68700-050,2019-09-11,26333-67911-OL,L-L-2.5,2,72.91,Kinloch,United Kingdom,No,Lib,L,2.5,36.455,1.4582,4.73915,2019,9,September,9.4783
KRB-88066-642,2021-03-16,22107-86640-SB,L-M-1,5,72.75,Toledo,United States,No,Lib,M,1.0,14.55,1.455,1.8915,2021,3,March,9.4575
LQU-08404-173,2020-12-03,09960-34242-LZ,L-L-1,3,47.55,Trenton,United States,No,Lib,L,1.0,15.85,1.585,2.0605,2020,12,December,6.181500000000001
CWK-60159-881,2020-01-27,04671-85591-RT,E-D-0.2,3,10.935,Tampa,United States,Yes,Exc,D,0.2,3.645,1.8225,0.40095,2020,1,January,1.2028500000000002
EEG-74197-843,2022-07-17,25729-68859-UA,E-L-1,4,59.4,Pensacola,United States,No,Exc,L,1.0,14.85,1.485,1.6335,2022,7,July,6.534
UCZ-59708-525,2022-03-04,05501-86351-NX,L-D-2.5,3,89.35499999999999,Zephyrhills,United States,Yes,Lib,D,2.5,29.785,1.1913999999999998,3.87205,2022,3,March,11.61615
HUB-47311-849,2021-12-07,04521-04300-OK,L-M-0.5,3,26.19,Saint Paul,United States,Yes,Lib,M,0.5,8.73,1.746,1.1349,2021,12,December,3.4047
WYM-17686-694,2021-02-25,58689-55264-VK,A-D-2.5,5,114.42499999999998,Fort Wayne,United States,No,Ara,D,2.5,22.885,0.9154,2.0596499999999995,2021,2,February,10.298249999999998
ZYQ-15797-695,2019-02-25,79436-73011-MM,R-D-0.5,5,26.849999999999994,Wootton,United Kingdom,Yes,Rob,D,0.5,5.369999999999999,1.0739999999999998,0.3221999999999999,2019,2,February,1.6109999999999998
EEJ-16185-108,2019-02-09,65552-60476-KY,L-L-0.2,5,23.775,Naples,United States,Yes,Lib,L,0.2,4.755,2.3775,0.61815,2019,2,February,3.09075
RWR-77888-800,2020-02-07,69904-02729-YS,A-M-0.5,1,6.75,Chicago,United States,No,Ara,M,0.5,6.75,1.35,0.6074999999999999,2020,2,February,0.6074999999999999
LHN-75209-742,2020-03-23,01433-04270-AX,R-M-0.5,6,35.82,Newark,United States,Yes,Rob,M,0.5,5.97,1.194,0.3581999999999999,2020,3,March,2.1492
TIR-71396-998,2022-03-06,14204-14186-LA,R-D-2.5,4,82.33999999999999,Vienna,United States,Yes,Rob,D,2.5,20.585,0.8233999999999999,1.2351,2022,3,March,4.9404
RXF-37618-213,2022-04-15,32948-34398-HC,R-L-0.5,1,7.169999999999999,Fort Worth,United States,Yes,Rob,L,0.5,7.169999999999999,1.4339999999999995,0.4301999999999999,2022,4,April,0.4301999999999999
ANM-16388-634,2021-11-19,77343-52608-FF,L-L-0.2,2,9.51,Burbank,United States,No,Lib,L,0.2,4.755,2.3775,0.61815,2021,11,November,1.2363
WYL-29300-070,2019-10-16,42770-36274-QA,R-M-0.2,1,2.985,Kingsport,United States,No,Rob,M,0.2,2.985,1.4925,0.1790999999999999,2019,10,October,0.1790999999999999
JHW-74554-805,2019-11-26,14103-58987-ZU,R-M-1,6,59.7,Liverpool,United Kingdom,Yes,Rob,M,1.0,9.95,0.995,0.597,2019,11,November,3.582
KYS-27063-603,2019-06-30,69958-32065-SW,E-L-2.5,4,136.61999999999998,Columbus,United States,No,Exc,L,2.5,34.154999999999994,1.3662,3.75705,2019,6,June,15.028199999999998
GAZ-58626-277,2021-01-04,69533-84907-FA,L-L-0.2,2,9.51,Newmarket on Fergus,Ireland,No,Lib,L,0.2,4.755,2.3775,0.61815,2021,1,January,1.2363
RPJ-37787-335,2020-10-27,76005-95461-CI,A-M-2.5,3,77.62499999999999,New Orleans,United States,No,Ara,M,2.5,25.875,1.035,2.3287499999999994,2020,10,October,6.986249999999998
LEF-83057-763,2021-06-15,15395-90855-VB,L-M-0.2,5,21.825000000000003,Charlotte,United States,Yes,Lib,M,0.2,4.365,2.1825,0.56745,2021,6,June,2.83725
RPW-36123-215,2021-07-19,80640-45811-LB,E-L-0.5,2,17.82,Springfield,United States,Yes,Exc,L,0.5,8.91,1.782,0.9801,2021,7,July,1.9602
WLL-59044-117,2021-07-23,28476-04082-GR,R-D-1,6,53.7,Listowel,Ireland,Yes,Rob,D,1.0,8.95,0.8949999999999999,0.5369999999999999,2021,7,July,3.2219999999999995
AWT-22827-563,2020-01-25,12018-75670-EU,R-L-0.2,1,3.5849999999999995,Moycullen,Ireland,Yes,Rob,L,0.2,3.5849999999999995,1.7924999999999998,0.2150999999999999,2020,1,January,0.2150999999999999
QLM-07145-668,2019-05-09,86437-17399-FK,E-D-0.2,2,7.29,Midland,United States,No,Exc,D,0.2,3.645,1.8225,0.40095,2019,5,May,0.8019000000000001
HVQ-64398-930,2020-03-30,62979-53167-ML,A-M-0.5,6,40.5,Dallas,United States,Yes,Ara,M,0.5,6.75,1.35,0.6074999999999999,2020,3,March,3.645
WRT-40778-247,2022-03-13,54810-81899-HL,R-L-1,4,47.8,Dulles,United States,No,Rob,L,1.0,11.95,1.1949999999999998,0.717,2022,3,March,2.868
SUB-13006-125,2019-04-17,26103-41504-IB,A-L-0.5,5,38.85,Oakland,United States,Yes,Ara,L,0.5,7.77,1.5539999999999998,0.6992999999999999,2019,4,April,3.4965
CQM-49696-263,2019-10-25,76534-45229-SG,L-L-2.5,3,109.365,Colorado Springs,United States,Yes,Lib,L,2.5,36.455,1.4582,4.73915,2019,10,October,14.21745
KXN-85094-246,2019-09-13,81744-27332-RR,L-M-2.5,3,100.39499999999998,Adare,Ireland,Yes,Lib,M,2.5,33.465,1.3385999999999998,4.35045,2019,9,September,13.05135
XOQ-12405-419,2020-04-12,91513-75657-PH,R-D-2.5,4,82.33999999999999,Buffalo,United States,Yes,Rob,D,2.5,20.585,0.8233999999999999,1.2351,2020,4,April,4.9404
HYF-10254-369,2019-11-14,30373-66619-CB,L-L-0.5,1,9.51,Fresno,United States,No,Lib,L,0.5,9.51,1.902,1.2363,2019,11,November,1.2363
XXJ-47000-307,2019-07-18,31582-23562-FM,A-L-2.5,3,89.35499999999999,Fort Worth,United States,No,Ara,L,2.5,29.785,1.1913999999999998,2.6806499999999995,2019,7,July,8.041949999999998
XXJ-47000-307,2019-07-18,31582-23562-FM,A-D-0.2,4,11.94,Fort Worth,United States,No,Ara,D,0.2,2.985,1.4925,0.26865,2019,7,July,1.0746
ZDK-82166-357,2021-04-03,81431-12577-VD,A-M-1,3,33.75,Beaumont,United States,No,Ara,M,1.0,11.25,1.125,1.0125,2021,4,April,3.0375
IHN-19982-362,2021-03-29,68894-91205-MP,R-L-1,3,35.849999999999994,Reno,United States,No,Rob,L,1.0,11.95,1.1949999999999998,0.717,2021,3,March,2.151
VMT-10030-889,2021-12-15,87602-55754-VN,A-L-1,6,77.69999999999999,Kansas City,United States,No,Ara,L,1.0,12.95,1.295,1.1655,2021,12,December,6.993
NHL-11063-100,2020-05-20,39181-35745-WH,A-L-1,4,51.8,Crumlin,Ireland,Yes,Ara,L,1.0,12.95,1.295,1.1655,2020,5,May,4.662
ROV-87448-086,2020-11-02,30381-64762-NG,A-M-2.5,4,103.5,Corona,United States,No,Ara,M,2.5,25.875,1.035,2.3287499999999994,2020,11,November,9.314999999999998
DGY-35773-612,2020-07-25,17503-27693-ZH,E-L-1,3,44.55,Austin,United States,Yes,Exc,L,1.0,14.85,1.485,1.6335,2020,7,July,4.9005
YWH-50638-556,2019-03-14,89442-35633-HJ,E-L-0.5,4,35.64,Normanton,United Kingdom,Yes,Exc,L,0.5,8.91,1.782,0.9801,2019,3,March,3.9204
ISL-11200-600,2020-07-02,13654-85265-IL,A-D-0.2,6,17.91,Charlesland,Ireland,Yes,Ara,D,0.2,2.985,1.4925,0.26865,2020,7,July,1.6119
LBZ-75997-047,2019-12-17,40946-22090-FP,A-M-2.5,6,155.24999999999997,Fresno,United States,No,Ara,M,2.5,25.875,1.035,2.3287499999999994,2019,12,December,13.972499999999997
EUH-08089-954,2020-12-06,29050-93691-TS,A-D-0.2,2,5.97,Saint Louis,United States,No,Ara,D,0.2,2.985,1.4925,0.26865,2020,12,December,0.5373
BLD-12227-251,2021-03-04,64395-74865-WF,A-M-0.5,2,13.5,Fresno,United States,No,Ara,M,0.5,6.75,1.35,0.6074999999999999,2021,3,March,1.215
OPY-30711-853,2021-07-17,81861-66046-SU,A-D-0.2,1,2.985,Confey,Ireland,No,Ara,D,0.2,2.985,1.4925,0.26865,2021,7,July,0.26865
DBC-44122-300,2020-11-04,13366-78506-KP,L-M-0.2,3,13.095,Columbus,United States,Yes,Lib,M,0.2,4.365,2.1825,0.56745,2020,11,November,1.70235
FJQ-60035-234,2021-04-05,08847-29858-HN,A-L-0.2,2,7.77,Stockton,United States,Yes,Ara,L,0.2,3.885,1.9425,0.3496499999999999,2021,4,April,0.6992999999999999
HSF-66926-425,2020-03-01,00539-42510-RY,L-D-2.5,5,148.92499999999998,Edgeworthstown,Ireland,Yes,Lib,D,2.5,29.785,1.1913999999999998,3.87205,2020,3,March,19.36025
LQG-41416-375,2021-10-19,45190-08727-NV,L-D-1,3,38.85,Leixlip,Ireland,Yes,Lib,D,1.0,12.95,1.295,1.6835,2021,10,October,5.0505
VZO-97265-841,2022-07-08,87049-37901-FU,R-M-0.2,4,11.94,Rochester,United States,No,Rob,M,0.2,2.985,1.4925,0.1790999999999999,2022,7,July,0.7163999999999999
MOR-12987-399,2019-08-17,34015-31593-JC,L-M-1,6,87.30000000000001,Tuscaloosa,United States,No,Lib,M,1.0,14.55,1.455,1.8915,2019,8,August,11.349
UOA-23786-489,2020-05-31,90305-50099-SV,A-M-0.5,6,40.5,Houston,United States,Yes,Ara,M,0.5,6.75,1.35,0.6074999999999999,2020,5,May,3.645
AJL-52941-018,2020-05-05,55871-61935-MF,E-D-1,2,24.3,El Paso,United States,No,Exc,D,1.0,12.15,1.215,1.3365,2020,5,May,2.673
XSZ-84273-421,2019-04-14,15405-60469-TM,R-M-0.5,3,17.91,Colorado Springs,United States,Yes,Rob,M,0.5,5.97,1.194,0.3581999999999999,2019,4,April,1.0745999999999998
NUN-48214-216,2020-07-29,06953-94794-FB,A-M-0.5,4,27.0,Fort Wayne,United States,No,Ara,M,0.5,6.75,1.35,0.6074999999999999,2020,7,July,2.43
AKV-93064-769,2019-12-12,22305-40299-CY,L-D-0.5,1,7.77,Port Washington,United States,Yes,Lib,D,0.5,7.77,1.5539999999999998,1.0101,2019,12,December,1.0101
BRB-40903-533,2022-06-15,09020-56774-GU,E-L-0.2,3,13.365,Springfield,United States,Yes,Exc,L,0.2,4.455,2.2275,0.49005,2022,6,June,1.4701499999999998
GPR-19973-483,2019-06-26,92926-08470-YS,R-D-0.5,5,26.849999999999994,Pensacola,United States,No,Rob,D,0.5,5.369999999999999,1.0739999999999998,0.3221999999999999,2019,6,June,1.6109999999999998
XIY-43041-882,2021-10-12,07250-63194-JO,A-M-1,1,11.25,Richmond,United States,No,Ara,M,1.0,11.25,1.125,1.0125,2021,10,October,1.0125
YGY-98425-969,2019-04-01,63787-96257-TQ,L-M-1,1,14.55,Cherryville,Ireland,No,Lib,M,1.0,14.55,1.455,1.8915,2019,4,April,1.8915
MSB-08397-648,2021-03-10,49530-25460-RW,R-L-0.2,4,14.339999999999998,Huntington,United States,No,Rob,L,0.2,3.5849999999999995,1.7924999999999998,0.2150999999999999,2021,3,March,0.8603999999999998
WDR-06028-345,2019-08-16,66508-21373-OQ,L-L-1,1,15.85,Birmingham,United Kingdom,No,Lib,L,1.0,15.85,1.585,2.0605,2019,8,August,2.0605
MXM-42948-061,2020-08-11,20203-03950-FY,L-L-0.2,4,19.02,Killorglin,Ireland,Yes,Lib,L,0.2,4.755,2.3775,0.61815,2020,8,August,2.4726
MGQ-98961-173,2022-04-05,83895-90735-XH,L-L-0.5,4,38.04,Dayton,United States,No,Lib,L,0.5,9.51,1.902,1.2363,2022,4,April,4.9452
RFH-64349-897,2019-10-22,61954-61462-RJ,E-D-0.5,3,21.87,Anchorage,United States,Yes,Exc,D,0.5,7.29,1.458,0.8019000000000001,2019,10,October,2.4057000000000004
TKL-20738-660,2021-10-02,47939-53158-LS,E-M-0.2,1,4.125,Nashville,United States,No,Exc,M,0.2,4.125,2.0625,0.45375,2021,10,October,0.45375
TKL-20738-660,2021-10-02,47939-53158-LS,A-L-0.2,1,3.885,Nashville,United States,No,Ara,L,0.2,3.885,1.9425,0.3496499999999999,2021,10,October,0.3496499999999999
TKL-20738-660,2021-10-02,47939-53158-LS,E-M-1,5,68.75,Nashville,United States,No,Exc,M,1.0,13.75,1.375,1.5125,2021,10,October,7.5625
GOW-03198-575,2021-03-13,61513-27752-FA,A-D-0.5,4,23.88,Denver,United States,Yes,Ara,D,0.5,5.97,1.194,0.5373,2021,3,March,2.1492
QJB-90477-635,2022-06-12,89714-19856-WX,L-L-2.5,4,145.82,Stamford,United States,No,Lib,L,2.5,36.455,1.4582,4.73915,2022,6,June,18.9566
MWP-46239-785,2019-04-27,87979-56781-YV,L-M-0.2,5,21.825000000000003,Newport News,United States,Yes,Lib,M,0.2,4.365,2.1825,0.56745,2019,4,April,2.83725
QDV-03406-248,2019-05-23,74126-88836-KA,L-M-0.5,3,26.19,Drumcondra,Ireland,Yes,Lib,M,0.5,8.73,1.746,1.1349,2019,5,May,3.4047
GPH-40635-105,2020-07-14,37397-05992-VO,A-M-1,1,11.25,Anchorage,United States,No,Ara,M,1.0,11.25,1.125,1.0125,2020,7,July,1.0125
JOM-80930-071,2021-11-10,54904-18397-UD,L-D-1,6,77.69999999999999,Beaumont,Ireland,No,Lib,D,1.0,12.95,1.295,1.6835,2021,11,November,10.101
OIL-26493-755,2021-08-31,19017-95853-EK,A-M-0.5,1,6.75,Fargo,United States,No,Ara,M,0.5,6.75,1.35,0.6074999999999999,2021,8,August,0.6074999999999999
CYV-13426-645,2019-07-06,88593-59934-VU,E-D-1,1,12.15,Evansville,United States,Yes,Exc,D,1.0,12.15,1.215,1.3365,2019,7,July,1.3365
WRP-39846-614,2022-03-04,47493-68564-YM,A-L-2.5,5,148.92499999999998,Cherryville,Ireland,Yes,Ara,L,2.5,29.785,1.1913999999999998,2.6806499999999995,2022,3,March,13.403249999999998
VDZ-76673-968,2020-12-31,82246-82543-DW,E-D-0.5,2,14.58,Charlotte,United States,Yes,Exc,D,0.5,7.29,1.458,0.8019000000000001,2020,12,December,1.6038
VTV-03546-175,2020-07-31,03384-62101-IY,A-L-2.5,5,148.92499999999998,Huntsville,United States,Yes,Ara,L,2.5,29.785,1.1913999999999998,2.6806499999999995,2020,7,July,13.403249999999998
GHR-72274-715,2021-05-24,86881-41559-OR,L-D-1,1,12.95,Santa Ana,United States,No,Lib,D,1.0,12.95,1.295,1.6835,2021,5,May,1.6835
ZGK-97262-313,2022-07-16,02536-18494-AQ,E-M-2.5,3,94.875,Washington,United States,Yes,Exc,M,2.5,31.625,1.265,3.47875,2022,7,July,10.43625
ZFS-30776-804,2021-02-05,58638-01029-CB,A-L-0.5,5,38.85,Oklahoma City,United States,Yes,Ara,L,0.5,7.77,1.5539999999999998,0.6992999999999999,2021,2,February,3.4965
QUU-91729-492,2021-07-29,90312-11148-LA,A-D-0.2,4,11.94,Saint Louis,United States,No,Ara,D,0.2,2.985,1.4925,0.26865,2021,7,July,1.0746
PVI-72795-960,2022-03-17,68239-74809-TF,E-L-2.5,3,102.46499999999996,Bailieborough,Ireland,No,Exc,L,2.5,34.154999999999994,1.3662,3.75705,2022,3,March,11.27115
PPP-78935-365,2021-02-11,91074-60023-IP,E-D-1,4,48.6,Honolulu,United States,No,Exc,D,1.0,12.15,1.215,1.3365,2021,2,February,5.346
JUO-34131-517,2019-02-13,07972-83748-JI,L-D-1,6,77.69999999999999,Corona,United States,Yes,Lib,D,1.0,12.95,1.295,1.6835,2019,2,February,10.101
ZJE-89333-489,2022-05-13,08694-57330-XR,L-D-2.5,1,29.785,Ballivor,Ireland,Yes,Lib,D,2.5,29.785,1.1913999999999998,3.87205,2022,5,May,3.87205
LOO-35324-159,2020-05-19,68412-11126-YJ,A-L-0.2,4,15.54,Washington,United States,Yes,Ara,L,0.2,3.885,1.9425,0.3496499999999999,2020,5,May,1.3985999999999998
JBQ-93412-846,2022-04-27,69037-66822-DW,E-L-2.5,4,136.61999999999998,Portumna,Ireland,Yes,Exc,L,2.5,34.154999999999994,1.3662,3.75705,2022,4,April,15.028199999999998
EHX-66333-637,2020-09-09,01297-94364-XH,L-M-0.5,2,17.46,Houston,United States,No,Lib,M,0.5,8.73,1.746,1.1349,2020,9,September,2.2698
WXG-25759-236,2021-03-10,39919-06540-ZI,E-L-2.5,2,68.30999999999999,Orange,United States,Yes,Exc,L,2.5,34.154999999999994,1.3662,3.75705,2021,3,March,7.514099999999999
QNA-31113-984,2019-04-07,60512-78550-WS,L-M-0.2,4,17.46,El Paso,United States,No,Lib,M,0.2,4.365,2.1825,0.56745,2019,4,April,2.2698
ZWI-52029-159,2020-07-12,40172-12000-AU,L-M-1,3,43.650000000000006,Carson City,United States,No,Lib,M,1.0,14.55,1.455,1.8915,2020,7,July,5.6745
ZWI-52029-159,2020-07-12,40172-12000-AU,E-M-1,2,27.5,Carson City,United States,No,Exc,M,1.0,13.75,1.375,1.5125,2020,7,July,3.025
DFS-49954-707,2021-12-21,39019-13649-CL,E-D-0.2,5,18.225,Provo,United States,Yes,Exc,D,0.2,3.645,1.8225,0.40095,2021,12,December,2.00475
VYP-89830-878,2020-10-04,12715-05198-QU,A-M-2.5,2,51.74999999999999,Boca Raton,United States,Yes,Ara,M,2.5,25.875,1.035,2.3287499999999994,2020,10,October,4.657499999999999
AMT-40418-362,2020-08-08,04513-76520-QO,L-D-1,1,12.95,Roanoke,United States,Yes,Lib,D,1.0,12.95,1.295,1.6835,2020,8,August,1.6835
NFQ-23241-793,2020-10-11,88446-59251-SQ,A-M-1,3,33.75,Des Moines,United States,Yes,Ara,M,1.0,11.25,1.125,1.0125,2020,10,October,3.0375
JQK-64922-985,2021-11-10,23779-10274-KN,R-M-2.5,3,68.655,Honolulu,United States,Yes,Rob,M,2.5,22.885,0.9154,1.3730999999999998,2021,11,November,4.119299999999999
YET-17732-678,2021-06-20,57235-92842-DK,R-D-0.2,1,2.685,Fort Lauderdale,United States,No,Rob,D,0.2,2.685,1.3424999999999998,0.1610999999999999,2021,6,June,0.1610999999999999
NKW-24945-846,2021-10-04,75977-30364-AY,A-D-2.5,5,114.42499999999998,Philadelphia,United States,No,Ara,D,2.5,22.885,0.9154,2.0596499999999995,2021,10,October,10.298249999999998
VKA-82720-513,2019-06-24,12299-30914-NG,A-M-2.5,6,155.24999999999997,Norwalk,United States,Yes,Ara,M,2.5,25.875,1.035,2.3287499999999994,2019,6,June,13.972499999999997
THA-60599-417,2019-10-26,59971-35626-YJ,A-M-2.5,3,77.62499999999999,Arlington,United States,Yes,Ara,M,2.5,25.875,1.035,2.3287499999999994,2019,10,October,6.986249999999998
MEK-39769-035,2021-06-27,15380-76513-PS,R-D-2.5,3,61.755,Ashford,Ireland,No,Rob,D,2.5,20.585,0.8233999999999999,1.2351,2021,6,June,3.7053
JAF-18294-750,2019-09-06,73564-98204-EY,R-D-2.5,6,123.51,Chattanooga,United States,Yes,Rob,D,2.5,20.585,0.8233999999999999,1.2351,2019,9,September,7.410599999999999
TME-59627-221,2021-04-30,72282-40594-RX,L-L-2.5,6,218.73,Portland,United States,No,Lib,L,2.5,36.455,1.4582,4.73915,2021,4,April,28.4349
UDG-65353-824,2020-01-07,17514-94165-RJ,E-M-0.5,4,33.0,Oklahoma City,United States,No,Exc,M,0.5,8.25,1.65,0.9075,2020,1,January,3.63
ENQ-42923-176,2021-01-11,56248-75861-JX,A-L-0.5,3,23.31,Washington,United States,No,Ara,L,0.5,7.77,1.5539999999999998,0.6992999999999999,2021,1,January,2.0979
CBT-55781-720,2021-11-15,97855-54761-IS,E-D-0.5,3,21.87,Greensboro,United States,Yes,Exc,D,0.5,7.29,1.458,0.8019000000000001,2021,11,November,2.4057000000000004
NEU-86533-016,2019-06-03,96544-91644-IT,R-D-0.2,6,16.11,Alexandria,United States,No,Rob,D,0.2,2.685,1.3424999999999998,0.1610999999999999,2019,6,June,0.9665999999999998
BYU-58154-603,2020-12-17,51971-70393-QM,E-D-0.5,4,29.16,Castlebridge,Ireland,No,Exc,D,0.5,7.29,1.458,0.8019000000000001,2020,12,December,3.2076
EHJ-05910-257,2021-02-07,06812-11924-IK,R-D-1,6,53.7,Racine,United States,Yes,Rob,D,1.0,8.95,0.8949999999999999,0.5369999999999999,2021,2,February,3.2219999999999995
EIL-44855-309,2021-03-15,59741-90220-OW,R-D-0.5,5,26.849999999999994,Clearwater,United States,Yes,Rob,D,0.5,5.369999999999999,1.0739999999999998,0.3221999999999999,2021,3,March,1.6109999999999998
HCA-87224-420,2022-08-04,62682-27930-PD,E-M-0.5,5,41.25,Racine,United States,Yes,Exc,M,0.5,8.25,1.65,0.9075,2022,8,August,4.5375
ABO-29054-365,2019-01-19,00256-19905-YG,A-M-0.5,6,40.5,Castlebridge,Ireland,No,Ara,M,0.5,6.75,1.35,0.6074999999999999,2019,1,January,3.645
TKN-58485-031,2022-03-23,38890-22576-UI,R-D-1,2,17.9,Castlebellingham,Ireland,No,Rob,D,1.0,8.95,0.8949999999999999,0.5369999999999999,2022,3,March,1.0739999999999998
RCK-04069-371,2021-10-07,94573-61802-PH,E-L-2.5,2,68.30999999999999,Craigavon,United Kingdom,No,Exc,L,2.5,34.154999999999994,1.3662,3.75705,2021,10,October,7.514099999999999
IRJ-67095-738,2019-03-20,86447-02699-UT,E-M-2.5,2,63.24999999999999,Tampa,United States,Yes,Exc,M,2.5,31.625,1.265,3.47875,2019,3,March,6.9575
VEA-31961-977,2021-12-15,51432-27169-KN,E-D-0.5,3,21.87,Eadestown,Ireland,No,Exc,D,0.5,7.29,1.458,0.8019000000000001,2021,12,December,2.4057000000000004
BAF-42286-205,2022-06-08,43074-00987-PB,R-M-2.5,4,91.54,Montgomery,United States,No,Rob,M,2.5,22.885,0.9154,1.3730999999999998,2022,6,June,5.492399999999999
WOR-52762-511,2019-12-14,04739-85772-QT,E-L-2.5,6,204.92999999999995,Sparks,United States,Yes,Exc,L,2.5,34.154999999999994,1.3662,3.75705,2019,12,December,22.5423
ZWK-03995-815,2021-04-10,28279-78469-YW,E-M-2.5,2,63.24999999999999,Macon,United States,Yes,Exc,M,2.5,31.625,1.265,3.47875,2021,4,April,6.9575
CKF-43291-846,2020-03-10,91829-99544-DS,E-L-2.5,1,34.154999999999994,Whittier,United States,Yes,Exc,L,2.5,34.154999999999994,1.3662,3.75705,2020,3,March,3.75705
RMW-74160-339,2020-10-16,38978-59582-JP,R-L-2.5,4,109.93999999999998,Johnson City,United States,Yes,Rob,L,2.5,27.485,1.0994,1.6490999999999998,2020,10,October,6.596399999999999
FMT-94584-786,2019-10-08,86504-96610-BH,A-L-1,2,25.9,Rochester,United States,No,Ara,L,1.0,12.95,1.295,1.1655,2019,10,October,2.331
NWT-78222-575,2019-12-31,75986-98864-EZ,A-D-0.2,1,2.985,Portarlington,Ireland,No,Ara,D,0.2,2.985,1.4925,0.26865,2019,12,December,0.26865
EOI-02511-919,2020-03-20,66776-88682-RG,E-L-0.2,5,22.275,Brooklyn,United States,No,Exc,L,0.2,4.455,2.2275,0.49005,2020,3,March,2.45025
EOI-02511-919,2020-03-20,66776-88682-RG,A-D-0.5,5,29.85,Brooklyn,United States,No,Ara,D,0.5,5.97,1.194,0.5373,2020,3,March,2.6865
UCT-03935-589,2021-03-29,85851-78384-DM,R-D-0.5,6,32.22,Charlottesville,United States,No,Rob,D,0.5,5.369999999999999,1.0739999999999998,0.3221999999999999,2021,3,March,1.9332
SBI-60013-494,2021-11-12,55232-81621-BX,E-M-0.2,2,8.25,Garland,United States,No,Exc,M,0.2,4.125,2.0625,0.45375,2021,11,November,0.9075
QRA-73277-814,2021-07-20,80310-92912-JA,A-L-0.5,4,31.08,Minneapolis,United States,No,Ara,L,0.5,7.77,1.5539999999999998,0.6992999999999999,2021,7,July,2.7972
EQE-31648-909,2019-01-18,19821-05175-WZ,E-D-0.5,5,36.45,Lansing,United States,Yes,Exc,D,0.5,7.29,1.458,0.8019000000000001,2019,1,January,4.0095
QOO-24615-950,2019-08-07,01338-83217-GV,R-M-2.5,3,68.655,Grand Forks,United States,No,Rob,M,2.5,22.885,0.9154,1.3730999999999998,2019,8,August,4.119299999999999
WDV-73864-037,2022-03-13,66044-25298-TA,L-M-0.5,5,43.650000000000006,Anchorage,United States,Yes,Lib,M,0.5,8.73,1.746,1.1349,2022,3,March,5.6745
PKR-88575-066,2022-05-17,28728-47861-TZ,E-L-0.2,1,4.455,Oklahoma City,United States,Yes,Exc,L,0.2,4.455,2.2275,0.49005,2022,5,May,0.49005
BWR-85735-955,2019-12-14,32638-38620-AX,L-M-1,3,43.650000000000006,Tulsa,United States,Yes,Lib,M,1.0,14.55,1.455,1.8915,2019,12,December,5.6745
YFX-64795-136,2020-01-15,83163-65741-IH,L-M-2.5,1,33.465,Detroit,United States,Yes,Lib,M,2.5,33.465,1.3385999999999998,4.35045,2020,1,January,4.35045
DDO-71442-967,2019-04-12,89422-58281-FD,L-D-0.2,5,19.425,Washington,United States,Yes,Lib,D,0.2,3.885,1.9425,0.50505,2019,4,April,2.52525
ILQ-11027-588,2020-03-29,76293-30918-DQ,E-D-1,6,72.9,Nenagh,Ireland,Yes,Exc,D,1.0,12.15,1.215,1.3365,2020,3,March,8.019
KRZ-13868-122,2022-03-24,86779-84838-EJ,E-L-1,3,44.55,Mesa,United States,No,Exc,L,1.0,14.85,1.485,1.6335,2022,3,March,4.9005
VRM-93594-914,2021-07-21,66806-41795-MX,E-D-0.5,5,36.45,Warren,United States,No,Exc,D,0.5,7.29,1.458,0.8019000000000001,2021,7,July,4.0095
HXL-22497-359,2019-08-06,64875-71224-UI,A-L-1,3,38.85,Memphis,United States,No,Ara,L,1.0,12.95,1.295,1.1655,2019,8,August,3.4965
NOP-21394-646,2021-05-23,16982-35708-BZ,E-L-0.5,6,53.46,Washington,United States,No,Exc,L,0.5,8.91,1.782,0.9801,2021,5,May,5.880599999999999
NOP-21394-646,2021-05-23,16982-35708-BZ,L-D-2.5,2,59.56999999999999,Washington,United States,No,Lib,D,2.5,29.785,1.1913999999999998,3.87205,2021,5,May,7.744099999999999
NOP-21394-646,2021-05-23,16982-35708-BZ,L-D-2.5,3,89.35499999999999,Washington,United States,No,Lib,D,2.5,29.785,1.1913999999999998,3.87205,2021,5,May,11.61615
NOP-21394-646,2021-05-23,16982-35708-BZ,L-L-0.5,4,38.04,Washington,United States,No,Lib,L,0.5,9.51,1.902,1.2363,2021,5,May,4.9452
NOP-21394-646,2021-05-23,16982-35708-BZ,E-M-1,3,41.25,Washington,United States,No,Exc,M,1.0,13.75,1.375,1.5125,2021,5,May,4.5375
FTV-77095-168,2021-04-08,66708-26678-QK,L-L-0.5,6,57.06,Ogden,United States,No,Lib,L,0.5,9.51,1.902,1.2363,2021,4,April,7.4178
BOR-02906-411,2021-10-17,08743-09057-OO,L-D-2.5,6,178.70999999999998,Albany,United States,Yes,Lib,D,2.5,29.785,1.1913999999999998,3.87205,2021,10,October,23.2323
WMP-68847-770,2022-02-16,37490-01572-JW,L-L-0.2,1,4.755,Spartanburg,United States,No,Lib,L,0.2,4.755,2.3775,0.61815,2022,2,February,0.61815
TMO-22785-872,2020-07-15,01811-60350-CU,E-M-1,6,82.5,Staten Island,United States,No,Exc,M,1.0,13.75,1.375,1.5125,2020,7,July,9.075
TJG-73587-353,2020-02-22,24766-58139-GT,R-D-0.2,3,8.055,Washington,United States,Yes,Rob,D,0.2,2.685,1.3424999999999998,0.1610999999999999,2020,2,February,0.4832999999999999
OOU-61343-455,2021-01-15,90123-70970-NY,A-M-1,2,22.5,Charlotte,United States,No,Ara,M,1.0,11.25,1.125,1.0125,2021,1,January,2.025
RMA-08327-369,2021-01-11,93809-05424-MG,A-M-0.5,6,40.5,Lubbock,United States,Yes,Ara,M,0.5,6.75,1.35,0.6074999999999999,2021,1,January,3.645
SFB-97929-779,2022-04-08,85425-33494-HQ,E-D-0.5,4,29.16,Fermoy,Ireland,Yes,Exc,D,0.5,7.29,1.458,0.8019000000000001,2022,4,April,3.2076
AUP-10128-606,2020-10-01,54387-64897-XC,A-M-0.5,1,6.75,Whitwell,United Kingdom,No,Ara,M,0.5,6.75,1.35,0.6074999999999999,2020,10,October,0.6074999999999999
YTW-40242-005,2019-10-28,01035-70465-UO,L-D-1,4,51.8,Charlottesville,United States,Yes,Lib,D,1.0,12.95,1.295,1.6835,2019,10,October,6.734
PRP-53390-819,2021-03-28,84260-39432-ML,E-L-0.5,6,53.46,New York City,United States,No,Exc,L,0.5,8.91,1.782,0.9801,2021,3,March,5.880599999999999
GSJ-01065-125,2020-03-31,69779-40609-RS,E-D-0.2,4,14.58,Roanoke,United States,Yes,Exc,D,0.2,3.645,1.8225,0.40095,2020,3,March,1.6038
YQU-65147-580,2022-03-26,80247-70000-HT,R-D-2.5,1,20.585,New York City,United States,No,Rob,D,2.5,20.585,0.8233999999999999,1.2351,2022,3,March,1.2351
QPM-95832-683,2019-11-06,35058-04550-VC,L-L-1,2,31.7,Balally,Ireland,No,Lib,L,1.0,15.85,1.585,2.0605,2019,11,November,4.121
BNQ-88920-567,2019-12-30,27226-53717-SY,L-D-0.2,6,23.31,Salt Lake City,United States,No,Lib,D,0.2,3.885,1.9425,0.50505,2019,12,December,3.0303
PUX-47906-110,2021-10-01,02002-98725-CH,L-M-1,4,58.2,Toledo,United States,Yes,Lib,M,1.0,14.55,1.455,1.8915,2021,10,October,7.566000000000001
COL-72079-610,2020-12-09,38487-01549-MV,E-L-0.5,4,35.64,Pasadena,United States,No,Exc,L,0.5,8.91,1.782,0.9801,2020,12,December,3.9204
LBC-45686-819,2021-05-01,98573-41811-EQ,A-M-1,5,56.25,Kinsale,Ireland,Yes,Ara,M,1.0,11.25,1.125,1.0125,2021,5,May,5.0625
BLQ-03709-265,2022-08-04,72463-75685-MV,R-L-0.2,3,10.755,Lees Summit,United States,No,Rob,L,0.2,3.5849999999999995,1.7924999999999998,0.2150999999999999,2022,8,August,0.6452999999999999
BLQ-03709-265,2022-08-04,72463-75685-MV,R-M-0.2,5,14.925,Lees Summit,United States,No,Rob,M,0.2,2.985,1.4925,0.1790999999999999,2022,8,August,0.8955
VFZ-91673-181,2021-11-13,10225-91535-AI,A-L-1,6,77.69999999999999,Irvine,United States,Yes,Ara,L,1.0,12.95,1.295,1.1655,2021,11,November,6.993
WKD-81956-870,2020-09-16,48090-06534-HI,L-D-0.5,3,23.31,Hicksville,United States,No,Lib,D,0.5,7.77,1.5539999999999998,1.0101,2020,9,September,3.0303
TNI-91067-006,2020-10-05,80444-58185-FX,E-L-1,4,59.4,Washington,United States,Yes,Exc,L,1.0,14.85,1.485,1.6335,2020,10,October,6.534
IZA-61469-812,2020-01-06,13561-92774-WP,L-D-2.5,4,119.14,New York City,United States,Yes,Lib,D,2.5,29.785,1.1913999999999998,3.87205,2020,1,January,15.4882
PSS-22466-862,2021-05-21,11550-78378-GE,R-L-0.2,4,14.339999999999998,Newmarket on Fergus,Ireland,No,Rob,L,0.2,3.5849999999999995,1.7924999999999998,0.2150999999999999,2021,5,May,0.8603999999999998
REH-56504-397,2020-02-26,90961-35603-RP,A-M-2.5,5,129.37499999999997,Shawnee Mission,United States,No,Ara,M,2.5,25.875,1.035,2.3287499999999994,2020,2,February,11.643749999999995
ALA-62598-016,2020-02-19,57145-03803-ZL,R-D-0.2,6,16.11,Edinburgh,United Kingdom,Yes,Rob,D,0.2,2.685,1.3424999999999998,0.1610999999999999,2020,2,February,0.9665999999999998
EYE-70374-835,2021-06-29,89115-11966-VF,R-L-0.2,5,17.924999999999997,Sacramento,United States,No,Rob,L,0.2,3.5849999999999995,1.7924999999999998,0.2150999999999999,2021,6,June,1.0755
CCZ-19589-212,2021-03-27,05754-41702-FG,L-M-0.2,2,8.73,Wilkes Barre,United States,No,Lib,M,0.2,4.365,2.1825,0.56745,2021,3,March,1.1349
BPT-83989-157,2021-10-27,84269-49816-ML,A-M-2.5,2,51.74999999999999,Greensboro,United States,No,Ara,M,2.5,25.875,1.035,2.3287499999999994,2021,10,October,4.657499999999999
YFH-87456-208,2019-06-12,23600-98432-ME,L-M-0.2,2,8.73,Newark,United States,Yes,Lib,M,0.2,4.365,2.1825,0.56745,2019,6,June,1.1349
JLN-14700-924,2020-06-28,79058-02767-CP,L-L-0.2,5,23.775,Kinloch,United Kingdom,No,Lib,L,0.2,4.755,2.3775,0.61815,2020,6,June,3.09075
JVW-22582-137,2021-03-23,89208-74646-UK,E-M-0.2,5,20.625,Honolulu,United States,No,Exc,M,0.2,4.125,2.0625,0.45375,2021,3,March,2.26875
LAA-41879-001,2022-02-10,11408-81032-UR,L-L-2.5,1,36.455,New York City,United States,No,Lib,L,2.5,36.455,1.4582,4.73915,2022,2,February,4.73915
BRV-64870-915,2019-04-16,32070-55528-UG,L-L-2.5,5,182.275,Ballinroad,Ireland,No,Lib,L,2.5,36.455,1.4582,4.73915,2019,4,April,23.69575
RGJ-12544-083,2020-02-12,48873-84433-PN,L-D-2.5,3,89.35499999999999,D煤n Laoghaire,Ireland,No,Lib,D,2.5,29.785,1.1913999999999998,3.87205,2020,2,February,11.61615
JJX-83339-346,2022-01-02,32928-18158-OW,R-L-0.2,1,3.5849999999999995,Cincinnati,United States,Yes,Rob,L,0.2,3.5849999999999995,1.7924999999999998,0.2150999999999999,2022,1,January,0.2150999999999999
BIU-21970-705,2020-12-07,89711-56688-GG,R-M-2.5,2,45.77,Midland,United States,Yes,Rob,M,2.5,22.885,0.9154,1.3730999999999998,2020,12,December,2.7461999999999995
ELJ-87741-745,2020-02-20,48389-71976-JB,E-L-1,4,59.4,Cheyenne,United States,No,Exc,L,1.0,14.85,1.485,1.6335,2020,2,February,6.534
SGI-48226-857,2020-06-11,84033-80762-EQ,A-M-2.5,6,155.24999999999997,Atlanta,United States,Yes,Ara,M,2.5,25.875,1.035,2.3287499999999994,2020,6,June,13.972499999999997
AHV-66988-037,2020-09-08,12743-00952-KO,R-M-2.5,2,45.77,Duluth,United States,No,Rob,M,2.5,22.885,0.9154,1.3730999999999998,2020,9,September,2.7461999999999995
ISK-42066-094,2020-03-28,41505-42181-EF,E-D-1,3,36.45,Sacramento,United States,Yes,Exc,D,1.0,12.15,1.215,1.3365,2020,3,March,4.0095
FTC-35822-530,2020-10-10,14307-87663-KB,E-D-0.5,4,29.16,Tampa,United States,Yes,Exc,D,0.5,7.29,1.458,0.8019000000000001,2020,10,October,3.2076
VSS-56247-688,2022-05-21,08360-19442-GB,L-M-2.5,4,133.86,Honolulu,United States,No,Lib,M,2.5,33.465,1.3385999999999998,4.35045,2022,5,May,17.401799999999998
HVW-25584-144,2020-04-30,93405-51204-UW,L-L-0.2,5,23.775,Baton Rouge,United States,Yes,Lib,L,0.2,4.755,2.3775,0.61815,2020,4,April,3.09075
MUY-15309-209,2021-12-12,97152-03355-IW,L-D-1,3,38.85,Newbiggin,United Kingdom,No,Lib,D,1.0,12.95,1.295,1.6835,2021,12,December,5.0505
VAJ-44572-469,2020-10-27,79216-73157-TE,R-L-0.2,6,21.51,Kilkenny,Ireland,Yes,Rob,L,0.2,3.5849999999999995,1.7924999999999998,0.2150999999999999,2020,10,October,1.2905999999999995
YJU-84377-606,2020-07-07,20259-47723-AC,A-D-1,1,9.95,Minneapolis,United States,Yes,Ara,D,1.0,9.95,0.995,0.8954999999999999,2020,7,July,0.8954999999999999
VNC-93921-469,2020-01-31,04666-71569-RI,L-L-1,1,15.85,Milwaukee,United States,Yes,Lib,L,1.0,15.85,1.585,2.0605,2020,1,January,2.0605
OGB-91614-810,2020-02-18,08909-77713-CG,R-M-0.2,1,2.985,Charlotte,United States,Yes,Rob,M,0.2,2.985,1.4925,0.1790999999999999,2020,2,February,0.1790999999999999
BQI-61647-496,2021-06-13,84340-73931-VV,E-M-1,5,68.75,Phoenix,United States,Yes,Exc,M,1.0,13.75,1.375,1.5125,2021,6,June,7.5625
IOM-51636-823,2022-08-06,04609-95151-XH,A-D-1,3,29.85,Jamaica,United States,No,Ara,D,1.0,9.95,0.995,0.8954999999999999,2022,8,August,2.6865
GGD-38107-641,2021-11-23,99562-88650-YF,L-M-1,4,58.2,Champaign,United States,No,Lib,M,1.0,14.55,1.455,1.8915,2021,11,November,7.566000000000001
LTO-95975-728,2021-10-13,46560-73885-PJ,R-L-0.5,4,28.68,Swindon,United Kingdom,No,Rob,L,0.5,7.169999999999999,1.4339999999999995,0.4301999999999999,2021,10,October,1.7207999999999997
IGM-84664-265,2021-08-31,80179-44620-WN,R-L-0.5,3,21.51,Tucson,United States,No,Rob,L,0.5,7.169999999999999,1.4339999999999995,0.4301999999999999,2021,8,August,1.2905999999999995
SKO-45740-621,2020-01-16,04666-71569-RI,L-M-0.5,2,17.46,Milwaukee,United States,Yes,Lib,M,0.5,8.73,1.746,1.1349,2020,1,January,2.2698
FOJ-02234-063,2022-04-25,59081-87231-VP,E-D-2.5,1,27.945,Pompano Beach,United States,Yes,Exc,D,2.5,27.945,1.1178,3.07395,2022,4,April,3.07395
MSJ-11909-468,2021-11-13,07878-45872-CC,E-D-2.5,5,139.725,Whittier,United States,No,Exc,D,2.5,27.945,1.1178,3.07395,2021,11,November,15.36975
DKB-78053-329,2021-06-08,12444-05174-OO,R-M-0.2,2,5.97,Sheffield,United Kingdom,No,Rob,M,0.2,2.985,1.4925,0.1790999999999999,2021,6,June,0.3581999999999999
DFZ-45083-941,2020-11-21,34665-62561-AU,R-L-2.5,1,27.485,Saint Louis,United States,Yes,Rob,L,2.5,27.485,1.0994,1.6490999999999998,2020,11,November,1.6490999999999998
OTA-40969-710,2019-03-14,77877-11993-QH,R-L-1,5,59.75,Erie,United States,Yes,Rob,L,1.0,11.95,1.1949999999999998,0.717,2019,3,March,3.585
GRH-45571-667,2019-08-16,32291-18308-YZ,E-M-1,3,41.25,Tacoma,United States,No,Exc,M,1.0,13.75,1.375,1.5125,2019,8,August,4.5375
NXV-05302-067,2019-04-22,25754-33191-ZI,L-M-2.5,4,133.86,Richmond,United States,No,Lib,M,2.5,33.465,1.3385999999999998,4.35045,2019,4,April,17.401799999999998
VZH-86274-142,2022-05-02,53120-45532-KL,R-L-1,5,59.75,Kinsealy-Drinan,Ireland,Yes,Rob,L,1.0,11.95,1.1949999999999998,0.717,2022,5,May,3.585
KIX-93248-135,2020-02-11,36605-83052-WB,A-D-0.5,1,5.97,Little Rock,United States,Yes,Ara,D,0.5,5.97,1.194,0.5373,2020,2,February,0.5373
AXR-10962-010,2021-03-28,53683-35977-KI,E-D-1,2,24.3,Newton,United Kingdom,No,Exc,D,1.0,12.15,1.215,1.3365,2021,3,March,2.673
IHS-71573-008,2021-05-08,07972-83134-NM,E-D-0.2,6,21.87,Sparks,United States,Yes,Exc,D,0.2,3.645,1.8225,0.40095,2021,5,May,2.4057000000000004
QTR-19001-114,2019-11-21,01035-70465-UO,A-D-1,2,19.9,Charlottesville,United States,Yes,Ara,D,1.0,9.95,0.995,0.8954999999999999,2019,11,November,1.7909999999999997
WBK-62297-910,2021-05-17,25514-23938-IQ,A-D-0.2,2,5.97,Denton,United States,No,Ara,D,0.2,2.985,1.4925,0.26865,2021,5,May,0.5373
OGY-19377-175,2019-07-09,49084-44492-OJ,E-D-0.5,1,7.29,Tullamore,Ireland,Yes,Exc,D,0.5,7.29,1.458,0.8019000000000001,2019,7,July,0.8019000000000001
ESR-66651-814,2020-05-20,76624-72205-CK,A-D-0.2,4,11.94,Raleigh,United States,Yes,Ara,D,0.2,2.985,1.4925,0.26865,2020,5,May,1.0746
CPX-46916-770,2021-08-27,12729-50170-JE,R-L-1,6,71.69999999999999,Shankill,Ireland,Yes,Rob,L,1.0,11.95,1.1949999999999998,0.717,2021,8,August,4.302
MDC-03318-645,2022-04-30,43974-44760-QI,A-L-0.2,2,7.77,New York City,United States,No,Ara,L,0.2,3.885,1.9425,0.3496499999999999,2022,4,April,0.6992999999999999
SFF-86059-407,2020-06-03,30585-48726-BK,A-M-2.5,1,25.875,Stamford,United States,No,Ara,M,2.5,25.875,1.035,2.3287499999999994,2020,6,June,2.3287499999999994
SCL-94540-788,2022-06-13,16123-07017-TY,E-L-2.5,6,204.92999999999995,Toledo,United States,No,Exc,L,2.5,34.154999999999994,1.3662,3.75705,2022,6,June,22.5423
HVU-21634-076,2020-06-10,27723-45097-MH,R-L-2.5,4,109.93999999999998,Castleblayney,Ireland,Yes,Rob,L,2.5,27.485,1.0994,1.6490999999999998,2020,6,June,6.596399999999999
XUS-73326-418,2020-12-18,37078-56703-AF,E-L-1,6,89.1,Columbia,United States,No,Exc,L,1.0,14.85,1.485,1.6335,2020,12,December,9.801
XWD-18933-006,2019-08-31,79420-11075-MY,A-L-0.2,2,7.77,Fort Wayne,United States,Yes,Ara,L,0.2,3.885,1.9425,0.3496499999999999,2019,8,August,0.6992999999999999
HPD-65272-772,2019-02-25,57504-13456-UO,L-M-2.5,1,33.465,Saint Louis,United States,Yes,Lib,M,2.5,33.465,1.3385999999999998,4.35045,2019,2,February,4.35045
JEG-93140-224,2021-02-07,53751-57560-CN,E-M-0.5,5,41.25,Portland,United States,Yes,Exc,M,0.5,8.25,1.65,0.9075,2021,2,February,4.5375
NNH-62058-950,2021-01-14,96112-42558-EA,E-L-1,4,59.4,Boulder,United States,Yes,Exc,L,1.0,14.85,1.485,1.6335,2021,1,January,6.534
LTD-71429-845,2019-02-24,03157-23165-UB,A-L-0.5,1,7.77,Norton,United Kingdom,No,Ara,L,0.5,7.77,1.5539999999999998,0.6992999999999999,2019,2,February,0.6992999999999999
MPV-26985-215,2019-06-23,51466-52850-AG,R-D-0.5,1,5.369999999999999,Sheffield,United Kingdom,Yes,Rob,D,0.5,5.369999999999999,1.0739999999999998,0.3221999999999999,2019,6,June,0.3221999999999999
IYO-10245-081,2020-05-09,57145-31023-FK,E-M-2.5,3,94.875,Louisville,United States,No,Exc,M,2.5,31.625,1.265,3.47875,2020,5,May,10.43625
BYZ-39669-954,2020-07-18,66408-53777-VE,L-L-2.5,1,36.455,Buffalo,United States,No,Lib,L,2.5,36.455,1.4582,4.73915,2020,7,July,4.73915
EFB-72860-209,2019-10-17,53035-99701-WG,A-M-0.2,4,13.5,Canton,United States,Yes,Ara,M,0.2,3.375,1.6875,0.3037499999999999,2019,10,October,1.215
GMM-72397-378,2022-05-16,45899-92796-EI,R-L-0.2,4,14.339999999999998,Boston,United States,No,Rob,L,0.2,3.5849999999999995,1.7924999999999998,0.2150999999999999,2022,5,May,0.8603999999999998
LYP-52345-883,2021-03-24,17649-28133-PY,E-M-0.5,1,8.25,Kinlough,Ireland,Yes,Exc,M,0.5,8.25,1.65,0.9075,2021,3,March,0.9075
DFK-35846-692,2019-11-03,49612-33852-CN,R-D-0.2,5,13.424999999999995,Lynchburg,United States,Yes,Rob,D,0.2,2.685,1.3424999999999998,0.1610999999999999,2019,11,November,0.8054999999999999
XAH-93337-609,2021-10-28,66976-43829-YG,A-D-1,5,49.75,Los Angeles,United States,No,Ara,D,1.0,9.95,0.995,0.8954999999999999,2021,10,October,4.477499999999999
QKA-72582-644,2020-12-16,64852-04619-XZ,E-M-0.5,2,16.5,Drumcondra,Ireland,No,Exc,M,0.5,8.25,1.65,0.9075,2020,12,December,1.815
ZDK-84567-102,2021-11-29,58690-31815-VY,A-D-0.5,3,17.91,Birmingham,United States,No,Ara,D,0.5,5.97,1.194,0.5373,2021,11,November,1.6119
WAV-38301-984,2021-03-20,62863-81239-DT,A-D-0.5,5,29.85,Alexandria,United States,No,Ara,D,0.5,5.97,1.194,0.5373,2021,3,March,2.6865
KZR-33023-209,2022-04-08,21177-40725-CF,E-L-1,3,44.55,Danbury,United States,No,Exc,L,1.0,14.85,1.485,1.6335,2022,4,April,4.9005
ULM-49433-003,2020-08-14,99421-80253-UI,E-M-1,2,27.5,Albany,United States,No,Exc,M,1.0,13.75,1.375,1.5125,2020,8,August,3.025
SIB-83254-136,2019-05-12,45315-50206-DK,R-M-0.5,6,35.82,Naples,United States,Yes,Rob,M,0.5,5.97,1.194,0.3581999999999999,2019,5,May,2.1492
NOK-50349-551,2021-03-03,09595-95726-OV,R-D-0.5,3,16.11,Miami Beach,United States,Yes,Rob,D,0.5,5.369999999999999,1.0739999999999998,0.3221999999999999,2021,3,March,0.9665999999999998
YIS-96268-844,2020-02-11,60221-67036-TD,E-L-0.2,6,26.73,Atlanta,United States,Yes,Exc,L,0.2,4.455,2.2275,0.49005,2020,2,February,2.9403
CXI-04933-855,2019-04-27,62923-29397-KX,E-L-2.5,6,204.92999999999995,Corpus Christi,United States,Yes,Exc,L,2.5,34.154999999999994,1.3662,3.75705,2019,4,April,22.5423
IZU-90429-382,2022-03-26,33011-52383-BA,A-L-1,3,38.85,Honolulu,United States,Yes,Ara,L,1.0,12.95,1.295,1.1655,2022,3,March,3.4965
WIT-40912-783,2020-09-28,86768-91598-FA,L-D-0.2,4,15.54,Austin,United States,Yes,Lib,D,0.2,3.885,1.9425,0.50505,2020,9,September,2.0202
PSD-57291-590,2019-10-24,37191-12203-MX,A-M-0.5,1,6.75,Baltimore,United States,No,Ara,M,0.5,6.75,1.35,0.6074999999999999,2019,10,October,0.6074999999999999
GOI-41472-677,2021-08-04,16545-76328-JY,E-D-2.5,4,111.78,Lexington,United States,Yes,Exc,D,2.5,27.945,1.1178,3.07395,2021,8,August,12.2958
KTX-17944-494,2019-12-29,74330-29286-RO,A-L-0.2,1,3.885,Charlotte,United States,Yes,Ara,L,0.2,3.885,1.9425,0.3496499999999999,2019,12,December,0.3496499999999999
RDM-99811-230,2019-11-27,22349-47389-GY,L-M-0.2,5,21.825000000000003,Eaton,United Kingdom,No,Lib,M,0.2,4.365,2.1825,0.56745,2019,11,November,2.83725
JTU-55897-581,2020-02-29,70290-38099-GB,R-M-0.2,5,14.925,Lincoln,United States,No,Rob,M,0.2,2.985,1.4925,0.1790999999999999,2020,2,February,0.8955
CRK-07584-240,2021-01-31,18741-72071-PP,A-M-1,3,33.75,Cincinnati,United States,Yes,Ara,M,1.0,11.25,1.125,1.0125,2021,1,January,3.0375
MKE-75518-399,2022-06-17,62588-82624-II,A-M-1,3,33.75,Sheffield,United Kingdom,No,Ara,M,1.0,11.25,1.125,1.0125,2022,6,June,3.0375
AEL-51169-725,2020-02-03,37430-29579-HD,L-M-0.2,6,26.19,West Hartford,United States,Yes,Lib,M,0.2,4.365,2.1825,0.56745,2020,2,February,3.4047
ZGM-83108-823,2022-01-25,84132-22322-QT,E-L-1,1,14.85,Listowel,Ireland,No,Exc,L,1.0,14.85,1.485,1.6335,2022,1,January,1.6335
JBP-78754-392,2020-04-30,74330-29286-RO,E-M-2.5,6,189.75,Charlotte,United States,Yes,Exc,M,2.5,31.625,1.265,3.47875,2020,4,April,20.8725
RNH-54912-747,2021-05-01,37445-17791-NQ,R-M-0.5,1,5.97,Alexandria,United States,Yes,Rob,M,0.5,5.97,1.194,0.3581999999999999,2021,5,May,0.3581999999999999
JDS-33440-914,2021-10-28,58511-10548-ZU,R-M-1,3,29.85,Belfast,United Kingdom,Yes,Rob,M,1.0,9.95,0.995,0.597,2021,10,October,1.791
SYX-48878-182,2021-08-29,47725-34771-FJ,R-D-1,5,44.75,Las Vegas,United States,No,Rob,D,1.0,8.95,0.8949999999999999,0.5369999999999999,2021,8,August,2.685
ZGD-94763-868,2019-12-27,53086-67334-KT,E-L-2.5,1,34.154999999999994,Des Moines,United States,Yes,Exc,L,2.5,34.154999999999994,1.3662,3.75705,2019,12,December,3.75705
CZY-70361-485,2019-06-25,83308-82257-UN,E-L-2.5,6,204.92999999999995,Ballivor,Ireland,No,Exc,L,2.5,34.154999999999994,1.3662,3.75705,2019,6,June,22.5423
RJR-12175-899,2019-03-02,37274-08534-FM,E-D-0.5,3,21.87,Akron,United States,No,Exc,D,0.5,7.29,1.458,0.8019000000000001,2019,3,March,2.4057000000000004
ELB-07929-407,2022-01-02,54004-04664-AA,A-M-2.5,2,51.74999999999999,West Palm Beach,United States,Yes,Ara,M,2.5,25.875,1.035,2.3287499999999994,2022,1,January,4.657499999999999
UJQ-54441-340,2019-07-30,26822-19510-SD,E-M-0.2,2,8.25,Fresno,United States,Yes,Exc,M,0.2,4.125,2.0625,0.45375,2019,7,July,0.9075
UJQ-54441-340,2019-07-30,26822-19510-SD,A-L-0.2,5,19.425,Fresno,United States,Yes,Ara,L,0.2,3.885,1.9425,0.3496499999999999,2019,7,July,1.74825
OWY-43108-475,2020-12-05,06432-73165-ML,A-M-0.2,6,20.25,Sandyford,Ireland,Yes,Ara,M,0.2,3.375,1.6875,0.3037499999999999,2020,12,December,1.8225
GNO-91911-159,2020-12-17,96503-31833-CW,L-D-0.5,3,23.31,Dublin,Ireland,No,Lib,D,0.5,7.77,1.5539999999999998,1.0101,2020,12,December,3.0303
CNY-06284-066,2021-06-26,63985-64148-MG,E-D-0.2,5,18.225,Knoxville,United States,Yes,Exc,D,0.2,3.645,1.8225,0.40095,2021,6,June,2.00475
OQS-46321-904,2019-07-20,19597-91185-CM,E-M-1,1,13.75,Shawnee Mission,United States,No,Exc,M,1.0,13.75,1.375,1.5125,2019,7,July,1.5125
IBW-87442-480,2022-07-14,79814-23626-JR,A-L-2.5,1,29.785,San Francisco,United States,Yes,Ara,L,2.5,29.785,1.1913999999999998,2.6806499999999995,2022,7,July,2.6806499999999995
DGZ-82537-477,2020-08-14,43439-94003-DW,R-D-1,5,44.75,Birmingham,United States,No,Rob,D,1.0,8.95,0.8949999999999999,0.5369999999999999,2020,8,August,2.685
LPS-39089-432,2019-04-24,97655-45555-LI,R-D-1,5,44.75,Brooklyn,United States,Yes,Rob,D,1.0,8.95,0.8949999999999999,0.5369999999999999,2019,4,April,2.685
MQU-86100-929,2019-06-04,64418-01720-VW,L-L-0.5,4,38.04,El Paso,United States,Yes,Lib,L,0.5,9.51,1.902,1.2363,2019,6,June,4.9452
XUR-14132-391,2022-08-08,96836-09258-RI,R-D-0.5,4,21.48,Sacramento,United States,Yes,Rob,D,0.5,5.369999999999999,1.0739999999999998,0.3221999999999999,2022,8,August,1.2887999999999995
OVI-27064-381,2019-11-13,37274-08534-FM,R-D-0.5,3,16.11,Akron,United States,No,Rob,D,0.5,5.369999999999999,1.0739999999999998,0.3221999999999999,2019,11,November,0.9665999999999998
SHP-17012-870,2020-06-07,69529-07533-CV,R-M-2.5,1,22.885,Boynton Beach,United States,Yes,Rob,M,2.5,22.885,0.9154,1.3730999999999998,2020,6,June,1.3730999999999998
FDY-03414-903,2019-08-12,94840-49457-UD,A-D-0.5,3,17.91,Los Angeles,United States,Yes,Ara,D,0.5,5.97,1.194,0.5373,2019,8,August,1.6119
WXT-85291-143,2019-09-04,81414-81273-DK,R-M-0.5,4,23.88,Baltimore,United States,Yes,Rob,M,0.5,5.97,1.194,0.3581999999999999,2019,9,September,1.4328
QNP-18893-547,2019-10-04,76930-61689-CH,R-L-1,5,59.75,Salt Lake City,United States,No,Rob,L,1.0,11.95,1.1949999999999998,0.717,2019,10,October,3.585
DOH-92927-530,2020-02-24,12839-56537-TQ,L-L-0.2,6,28.53,Garland,United States,Yes,Lib,L,0.2,4.755,2.3775,0.61815,2020,2,February,3.7089
HGJ-82768-173,2021-08-26,62741-01322-HU,A-M-1,4,45.0,Church End,United Kingdom,No,Ara,M,1.0,11.25,1.125,1.0125,2021,8,August,4.05
YPT-95383-088,2021-10-03,43439-94003-DW,E-D-2.5,2,55.89,Birmingham,United States,No,Exc,D,2.5,27.945,1.1178,3.07395,2021,10,October,6.1479
OYH-16533-767,2020-06-13,44932-34838-RM,E-L-1,4,59.4,New York City,United States,No,Exc,L,1.0,14.85,1.485,1.6335,2020,6,June,6.534
DWW-28642-549,2021-03-01,91181-19412-RQ,E-D-0.2,2,7.29,Boston,United States,Yes,Exc,D,0.2,3.645,1.8225,0.40095,2021,3,March,0.8019000000000001
CGO-79583-871,2019-03-04,37182-54930-XC,E-D-0.5,1,7.29,San Francisco,United States,Yes,Exc,D,0.5,7.29,1.458,0.8019000000000001,2019,3,March,0.8019000000000001
TFY-52090-386,2019-10-13,08613-17327-XT,E-L-0.5,2,17.82,Indianapolis,United States,No,Exc,L,0.5,8.91,1.782,0.9801,2019,10,October,1.9602
TFY-52090-386,2019-10-13,08613-17327-XT,L-D-0.5,5,38.85,Indianapolis,United States,No,Lib,D,0.5,7.77,1.5539999999999998,1.0101,2019,10,October,5.0505
NYY-73968-094,2019-08-15,70451-38048-AH,R-D-0.5,6,32.22,Seattle,United States,No,Rob,D,0.5,5.369999999999999,1.0739999999999998,0.3221999999999999,2019,8,August,1.9332
QEY-71761-460,2021-11-29,35442-75769-PL,R-M-1,2,19.9,Dunmanway,Ireland,Yes,Rob,M,1.0,9.95,0.995,0.597,2021,11,November,1.194
GKQ-82603-910,2020-01-19,83737-56117-JE,R-L-1,5,59.75,Montgomery,United States,No,Rob,L,1.0,11.95,1.1949999999999998,0.717,2020,1,January,3.585
IOB-32673-745,2021-05-28,07095-81281-NJ,A-L-0.5,3,23.31,Dallas,United States,Yes,Ara,L,0.5,7.77,1.5539999999999998,0.6992999999999999,2021,5,May,2.0979
YAU-98893-150,2022-01-15,77043-48851-HG,L-M-1,3,43.650000000000006,Topeka,United States,No,Lib,M,1.0,14.55,1.455,1.8915,2022,1,January,5.6745
XNM-14163-951,2019-12-04,78224-60622-KH,E-L-2.5,6,204.92999999999995,Tyler,United States,No,Exc,L,2.5,34.154999999999994,1.3662,3.75705,2019,12,December,22.5423
JPB-45297-000,2022-07-01,83105-86631-IU,R-L-0.2,4,14.339999999999998,Los Angeles,United States,No,Rob,L,0.2,3.5849999999999995,1.7924999999999998,0.2150999999999999,2022,7,July,0.8603999999999998
MOU-74341-266,2019-05-07,99358-65399-TC,A-D-0.5,4,23.88,Shreveport,United States,No,Ara,D,0.5,5.97,1.194,0.5373,2019,5,May,2.1492
DHJ-87461-571,2020-08-23,94525-76037-JP,A-M-1,2,22.5,Boise,United States,No,Ara,M,1.0,11.25,1.125,1.0125,2020,8,August,2.025
DKM-97676-850,2020-06-02,43439-94003-DW,E-D-0.5,5,36.45,Birmingham,United States,No,Exc,D,0.5,7.29,1.458,0.8019000000000001,2020,6,June,4.0095
UEB-09112-118,2020-01-30,82718-93677-XO,A-M-0.5,4,27.0,Montgomery,United States,Yes,Ara,M,0.5,6.75,1.35,0.6074999999999999,2020,1,January,2.43
ORZ-67699-748,2020-02-15,44708-78241-DF,A-M-2.5,6,155.24999999999997,Fort Pierce,United States,No,Ara,M,2.5,25.875,1.035,2.3287499999999994,2020,2,February,13.972499999999997
JXP-28398-485,2021-06-11,23039-93032-FN,A-D-2.5,5,114.42499999999998,Greensboro,United States,Yes,Ara,D,2.5,22.885,0.9154,2.0596499999999995,2021,6,June,10.298249999999998
WWH-92259-198,2022-03-11,35256-12529-FT,L-D-1,4,51.8,Sacramento,United States,Yes,Lib,D,1.0,12.95,1.295,1.6835,2022,3,March,6.734
FLR-82914-153,2021-09-09,86100-33488-WP,A-M-2.5,6,155.24999999999997,Round Rock,United States,No,Ara,M,2.5,25.875,1.035,2.3287499999999994,2021,9,September,13.972499999999997
AMB-93600-000,2019-05-14,64435-53100-WM,A-L-2.5,1,29.785,Reston,United States,No,Ara,L,2.5,29.785,1.1913999999999998,2.6806499999999995,2019,5,May,2.6806499999999995
FEP-36895-658,2019-04-08,44699-43836-UH,R-L-0.2,6,21.51,Charlton,United Kingdom,No,Rob,L,0.2,3.5849999999999995,1.7924999999999998,0.2150999999999999,2019,4,April,1.2905999999999995
RXW-91413-276,2020-08-15,29588-35679-RG,R-D-2.5,2,41.17,Columbia,United States,No,Rob,D,2.5,20.585,0.8233999999999999,1.2351,2020,8,August,2.4702
RXW-91413-276,2020-08-15,29588-35679-RG,R-M-0.5,1,5.97,Columbia,United States,No,Rob,M,0.5,5.97,1.194,0.3581999999999999,2020,8,August,0.3581999999999999
SDB-77492-188,2022-05-05,64815-54078-HH,E-L-1,5,74.25,Phoenix,United States,Yes,Exc,L,1.0,14.85,1.485,1.6335,2022,5,May,8.1675
RZN-65182-395,2021-03-27,59572-41990-XY,L-M-1,6,87.30000000000001,Miami,United States,No,Lib,M,1.0,14.55,1.455,1.8915,2021,3,March,11.349
HDQ-86094-507,2019-04-27,32481-61533-ZJ,E-D-1,6,72.9,Fresno,United States,Yes,Exc,D,1.0,12.15,1.215,1.3365,2019,4,April,8.019
YXO-79631-417,2021-09-25,31587-92570-HL,L-D-0.5,1,7.77,Anaheim,United States,No,Lib,D,0.5,7.77,1.5539999999999998,1.0101,2021,9,September,1.0101
SNF-57032-096,2020-02-13,93832-04799-ID,E-D-0.5,6,43.74,Newport News,United States,No,Exc,D,0.5,7.29,1.458,0.8019000000000001,2020,2,February,4.811400000000001
DGL-29648-995,2021-07-16,59367-30821-ZQ,L-M-0.2,2,8.73,Spartanburg,United States,Yes,Lib,M,0.2,4.365,2.1825,0.56745,2021,7,July,1.1349
GPU-65651-504,2022-05-11,83947-45528-ET,E-M-2.5,2,63.24999999999999,Staten Island,United States,No,Exc,M,2.5,31.625,1.265,3.47875,2022,5,May,6.9575
OJU-34452-896,2019-02-04,60799-92593-CX,E-L-0.5,1,8.91,Las Vegas,United States,Yes,Exc,L,0.5,8.91,1.782,0.9801,2019,2,February,0.9801
GZS-50547-887,2019-02-05,61600-55136-UM,E-D-1,2,24.3,Salt Lake City,United States,Yes,Exc,D,1.0,12.15,1.215,1.3365,2019,2,February,2.673
ESR-54041-053,2022-05-24,59771-90302-OF,A-L-0.5,6,46.62,Seattle,United States,Yes,Ara,L,0.5,7.77,1.5539999999999998,0.6992999999999999,2022,5,May,4.195799999999999
OGD-10781-526,2020-10-04,16880-78077-FB,R-L-0.5,6,43.02,Odessa,United States,No,Rob,L,0.5,7.169999999999999,1.4339999999999995,0.4301999999999999,2020,10,October,2.5811999999999995
FVH-29271-315,2022-06-30,74415-50873-FC,A-D-0.5,3,17.91,Castleknock,Ireland,Yes,Ara,D,0.5,5.97,1.194,0.5373,2022,6,June,1.6119
BNZ-20544-633,2020-10-21,31798-95707-NR,L-L-0.5,4,38.04,Irving,United States,Yes,Lib,L,0.5,9.51,1.902,1.2363,2020,10,October,4.9452
FUX-85791-078,2020-10-16,59122-08794-WT,A-M-0.2,2,6.75,Dayton,United States,Yes,Ara,M,0.2,3.375,1.6875,0.3037499999999999,2020,10,October,0.6074999999999999
YXP-20078-116,2020-09-23,37238-52421-JJ,R-M-0.5,1,5.97,Grand Rapids,United States,Yes,Rob,M,0.5,5.97,1.194,0.3581999999999999,2020,9,September,0.3581999999999999
VQV-59984-866,2019-03-08,48854-01899-FN,R-D-0.2,3,8.055,Balally,Ireland,No,Rob,D,0.2,2.685,1.3424999999999998,0.1610999999999999,2019,3,March,0.4832999999999999
JEH-37276-048,2021-06-30,80896-38819-DW,A-L-0.5,3,23.31,Tullyallen,Ireland,Yes,Ara,L,0.5,7.77,1.5539999999999998,0.6992999999999999,2021,6,June,2.0979
VYD-28555-589,2019-08-13,29814-01459-RC,R-L-0.5,6,43.02,Sutton,United Kingdom,Yes,Rob,L,0.5,7.169999999999999,1.4339999999999995,0.4301999999999999,2019,8,August,2.5811999999999995
WUG-76466-650,2021-02-22,43439-94003-DW,L-D-0.5,3,23.31,Birmingham,United States,No,Lib,D,0.5,7.77,1.5539999999999998,1.0101,2021,2,February,3.0303
RJV-08261-583,2022-03-26,48497-29281-FE,A-D-0.2,5,14.925,Los Angeles,United States,Yes,Ara,D,0.2,2.985,1.4925,0.26865,2022,3,March,1.34325
PMR-56062-609,2020-01-10,43605-12616-YH,E-D-0.5,3,21.87,Baltimore,United States,No,Exc,D,0.5,7.29,1.458,0.8019000000000001,2020,1,January,2.4057000000000004
XLD-12920-505,2019-05-01,21907-75962-VB,E-L-0.5,6,53.46,Harrisburg,United States,Yes,Exc,L,0.5,8.91,1.782,0.9801,2019,5,May,5.880599999999999
UBW-50312-037,2020-02-09,69503-12127-YD,A-L-2.5,4,119.14,Dallas,United States,No,Ara,L,2.5,29.785,1.1913999999999998,2.6806499999999995,2020,2,February,10.722599999999998
QAW-05889-019,2021-12-29,68810-07329-EU,L-M-0.5,5,43.650000000000006,Kansas City,United States,Yes,Lib,M,0.5,8.73,1.746,1.1349,2021,12,December,5.6745
EPT-12715-397,2020-09-09,08478-75251-OG,A-D-0.2,6,17.91,Springfield,United States,Yes,Ara,D,0.2,2.985,1.4925,0.26865,2020,9,September,1.6119
DHT-93810-053,2021-09-16,17005-82030-EA,E-L-1,5,74.25,New Haven,United States,Yes,Exc,L,1.0,14.85,1.485,1.6335,2021,9,September,8.1675
DMY-96037-963,2020-10-26,42179-95059-DO,L-D-0.2,3,11.655,Lawrenceville,United States,Yes,Lib,D,0.2,3.885,1.9425,0.50505,2020,10,October,1.51515
MBM-55936-917,2019-03-12,55989-39849-WO,L-D-0.5,3,23.31,Asheville,United States,Yes,Lib,D,0.5,7.77,1.5539999999999998,1.0101,2019,3,March,3.0303
TPA-93614-840,2021-02-18,28932-49296-TM,E-D-0.5,2,14.58,Saint Paul,United States,Yes,Exc,D,0.5,7.29,1.458,0.8019000000000001,2021,2,February,1.6038
WDM-77521-710,2020-10-29,86144-10144-CB,A-M-0.5,2,13.5,Minneapolis,United States,No,Ara,M,0.5,6.75,1.35,0.6074999999999999,2020,10,October,1.215
EIP-19142-462,2021-09-06,60973-72562-DQ,E-L-1,6,89.1,Santa Ana,United States,No,Exc,L,1.0,14.85,1.485,1.6335,2021,9,September,9.801
EIP-19142-462,2021-09-06,60973-72562-DQ,A-L-0.2,1,3.885,Santa Ana,United States,No,Ara,L,0.2,3.885,1.9425,0.3496499999999999,2021,9,September,0.3496499999999999
ZZL-76364-387,2020-09-09,11263-86515-VU,R-L-2.5,4,109.93999999999998,Minneapolis,United States,No,Rob,L,2.5,27.485,1.0994,1.6490999999999998,2020,9,September,6.596399999999999
GMF-18638-786,2021-09-26,60004-62976-NI,L-D-0.5,6,46.62,Washington,United States,Yes,Lib,D,0.5,7.77,1.5539999999999998,1.0101,2021,9,September,6.0606
TDJ-20844-787,2020-11-05,77876-28498-HI,A-L-0.5,5,38.85,San Bernardino,United States,No,Ara,L,0.5,7.77,1.5539999999999998,0.6992999999999999,2020,11,November,3.4965
BWK-39400-446,2019-09-12,61302-06948-EH,L-D-0.5,4,31.08,Rochester,United States,Yes,Lib,D,0.5,7.77,1.5539999999999998,1.0101,2019,9,September,4.0404
LCB-02099-995,2019-07-31,06757-96251-UH,A-D-0.2,6,17.91,Vancouver,United States,Yes,Ara,D,0.2,2.985,1.4925,0.26865,2019,7,July,1.6119
UBA-43678-174,2019-03-15,44530-75983-OD,E-D-2.5,6,167.67000000000002,Preston,United Kingdom,No,Exc,D,2.5,27.945,1.1178,3.07395,2019,3,March,18.4437
UDH-24280-432,2021-05-16,44865-58249-RY,L-L-1,4,63.4,Washington,United States,No,Lib,L,1.0,15.85,1.585,2.0605,2021,5,May,8.242
IDQ-20193-502,2019-05-06,36021-61205-DF,L-M-0.2,2,8.73,Knoxville,United States,Yes,Lib,M,0.2,4.365,2.1825,0.56745,2019,5,May,1.1349
DJG-14442-608,2019-02-06,75716-12782-SS,R-D-1,3,26.85,Charleston,United States,Yes,Rob,D,1.0,8.95,0.8949999999999999,0.5369999999999999,2019,2,February,1.6109999999999998
DWB-61381-370,2021-04-09,11812-00461-KH,L-L-0.2,2,9.51,Dallas,United States,No,Lib,L,0.2,4.755,2.3775,0.61815,2021,4,April,1.2363
FRD-17347-990,2020-05-20,46681-78850-ZW,A-D-1,4,39.8,Whitegate,Ireland,No,Ara,D,1.0,9.95,0.995,0.8954999999999999,2020,5,May,3.5819999999999994
YPP-27450-525,2020-12-02,01932-87052-KO,E-M-0.5,3,24.75,Chico,United States,Yes,Exc,M,0.5,8.25,1.65,0.9075,2020,12,December,2.7225
EFC-39577-424,2021-08-08,16046-34805-ZF,E-M-1,5,68.75,Little Rock,United States,Yes,Exc,M,1.0,13.75,1.375,1.5125,2021,8,August,7.5625
LAW-80062-016,2022-02-03,34546-70516-LR,E-M-0.5,6,49.5,Balrothery,Ireland,No,Exc,M,0.5,8.25,1.65,0.9075,2022,2,February,5.445
WKL-27981-758,2022-04-08,73699-93557-FZ,A-M-2.5,2,51.74999999999999,New Brunswick,United States,Yes,Ara,M,2.5,25.875,1.035,2.3287499999999994,2022,4,April,4.657499999999999
VRT-39834-265,2021-01-07,86686-37462-CK,L-L-1,3,47.55,Valleymount,Ireland,Yes,Lib,L,1.0,15.85,1.585,2.0605,2021,1,January,6.181500000000001
QTC-71005-730,2021-09-02,14298-02150-KH,A-L-0.2,4,15.54,San Francisco,United States,No,Ara,L,0.2,3.885,1.9425,0.3496499999999999,2021,9,September,1.3985999999999998
TNX-09857-717,2021-11-04,48675-07824-HJ,L-M-1,6,87.30000000000001,Lafayette,United States,Yes,Lib,M,1.0,14.55,1.455,1.8915,2021,11,November,11.349
JZV-43874-185,2021-08-02,18551-80943-YQ,A-M-1,5,56.25,San Diego,United States,Yes,Ara,M,1.0,11.25,1.125,1.0125,2021,8,August,5.0625
ICF-17486-106,2020-01-27,19196-09748-DB,L-L-2.5,1,36.455,Alhambra,United States,Yes,Lib,L,2.5,36.455,1.4582,4.73915,2020,1,January,4.73915
BMK-49520-383,2019-12-03,72233-08665-IP,R-L-0.2,3,10.755,Tyler,United States,Yes,Rob,L,0.2,3.5849999999999995,1.7924999999999998,0.2150999999999999,2019,12,December,0.6452999999999999
HTS-15020-632,2019-08-06,53817-13148-RK,R-M-0.2,3,8.955,Lafayette,United States,No,Rob,M,0.2,2.985,1.4925,0.1790999999999999,2019,8,August,0.5372999999999999
YLE-18247-749,2020-03-11,92227-49331-QR,A-L-0.5,3,23.31,Dayton,United States,Yes,Ara,L,0.5,7.77,1.5539999999999998,0.6992999999999999,2020,3,March,2.0979
KJJ-12573-591,2021-09-18,12997-41076-FQ,A-L-2.5,1,29.785,Phoenix,United States,Yes,Ara,L,2.5,29.785,1.1913999999999998,2.6806499999999995,2021,9,September,2.6806499999999995
RGU-43561-950,2020-11-07,44220-00348-MB,A-L-2.5,5,148.92499999999998,Sacramento,United States,Yes,Ara,L,2.5,29.785,1.1913999999999998,2.6806499999999995,2020,11,November,13.403249999999998
JSN-73975-443,2022-06-27,93047-98331-DD,L-M-0.5,1,8.73,Lincoln,United States,Yes,Lib,M,0.5,8.73,1.746,1.1349,2022,6,June,1.1349
WNR-71736-993,2020-02-05,16880-78077-FB,L-D-0.5,4,31.08,Odessa,United States,No,Lib,D,0.5,7.77,1.5539999999999998,1.0101,2020,2,February,4.0404
WNR-71736-993,2020-02-05,16880-78077-FB,A-D-2.5,6,137.31,Odessa,United States,No,Ara,D,2.5,22.885,0.9154,2.0596499999999995,2020,2,February,12.357899999999995
HNI-91338-546,2020-02-07,67285-75317-XI,A-D-0.5,5,29.85,Madison,United States,No,Ara,D,0.5,5.97,1.194,0.5373,2020,2,February,2.6865
CYH-53243-218,2020-12-18,88167-57964-PH,R-M-0.5,3,17.91,Charleston,United States,No,Rob,M,0.5,5.97,1.194,0.3581999999999999,2020,12,December,1.0745999999999998
SVD-75407-177,2021-08-23,16106-36039-QS,E-L-0.5,3,26.73,Little Rock,United States,Yes,Exc,L,0.5,8.91,1.782,0.9801,2021,8,August,2.9403
NVN-66443-451,2021-08-20,98921-82417-GN,R-D-1,2,17.9,Anchorage,United States,No,Rob,D,1.0,8.95,0.8949999999999999,0.5369999999999999,2021,8,August,1.0739999999999998
JUA-13580-095,2019-04-01,55265-75151-AK,R-L-0.2,4,14.339999999999998,Longwood,Ireland,Yes,Rob,L,0.2,3.5849999999999995,1.7924999999999998,0.2150999999999999,2019,4,April,0.8603999999999998
ACY-56225-839,2021-01-28,47386-50743-FG,A-M-2.5,3,77.62499999999999,San Francisco,United States,Yes,Ara,M,2.5,25.875,1.035,2.3287499999999994,2021,1,January,6.986249999999998
QBB-07903-622,2019-10-21,32622-54551-UC,R-L-1,5,59.75,Warren,United States,No,Rob,L,1.0,11.95,1.1949999999999998,0.717,2019,10,October,3.585
JLJ-81802-619,2021-06-20,16880-78077-FB,A-L-1,6,77.69999999999999,Odessa,United States,No,Ara,L,1.0,12.95,1.295,1.1655,2021,6,June,6.993
HFT-77191-168,2021-11-04,48419-02347-XP,R-D-0.2,2,5.369999999999999,Jackson,United States,Yes,Rob,D,0.2,2.685,1.3424999999999998,0.1610999999999999,2021,11,November,0.3221999999999999
SZR-35951-530,2021-04-05,14121-20527-OJ,E-D-2.5,3,83.83500000000001,Kildare,Ireland,Yes,Exc,D,2.5,27.945,1.1178,3.07395,2021,4,April,9.22185
IKL-95976-565,2019-12-09,53486-73919-BQ,A-M-1,2,22.5,Milwaukee,United States,No,Ara,M,1.0,11.25,1.125,1.0125,2019,12,December,2.025
XEY-48929-474,2022-01-02,21889-94615-WT,L-M-2.5,6,200.79,Sacramento,United States,Yes,Lib,M,2.5,33.465,1.3385999999999998,4.35045,2022,1,January,26.1027
SQT-07286-736,2019-12-08,87726-16941-QW,A-M-1,6,67.5,Boston,United States,No,Ara,M,1.0,11.25,1.125,1.0125,2019,12,December,6.074999999999999
QDU-45390-361,2021-11-28,03677-09134-BC,E-M-0.5,1,8.25,Topeka,United States,No,Exc,M,0.5,8.25,1.65,0.9075,2021,11,November,0.9075
RUJ-30649-712,2022-03-11,93224-71517-WV,L-L-0.2,2,9.51,Fargo,United States,Yes,Lib,L,0.2,4.755,2.3775,0.61815,2022,3,March,1.2363
WSV-49732-075,2021-01-17,76263-95145-GJ,L-D-2.5,1,29.785,Houston,United States,No,Lib,D,2.5,29.785,1.1913999999999998,3.87205,2021,1,January,3.87205
VJF-46305-323,2019-01-18,68555-89840-GZ,L-D-0.5,2,15.54,Seattle,United States,No,Lib,D,0.5,7.77,1.5539999999999998,1.0101,2019,1,January,2.0202
CXD-74176-600,2019-04-07,70624-19112-AO,E-L-0.5,4,35.64,Caherconlish,Ireland,No,Exc,L,0.5,8.91,1.782,0.9801,2019,4,April,3.9204
ADX-50674-975,2021-02-03,58916-61837-QH,A-M-2.5,4,103.5,Buffalo,United States,Yes,Ara,M,2.5,25.875,1.035,2.3287499999999994,2021,2,February,9.314999999999998
RRP-51647-420,2019-04-18,89292-52335-YZ,E-D-1,3,36.45,Shankill,Ireland,Yes,Exc,D,1.0,12.15,1.215,1.3365,2019,4,April,4.0095
PKJ-99134-523,2021-07-07,77284-34297-YY,R-L-0.5,5,35.849999999999994,Bethlehem,United States,No,Rob,L,0.5,7.169999999999999,1.4339999999999995,0.4301999999999999,2021,7,July,2.151
FZQ-29439-457,2021-02-23,50449-80974-BZ,E-L-0.2,5,22.275,Watergrasshill,Ireland,Yes,Exc,L,0.2,4.455,2.2275,0.49005,2021,2,February,2.45025
USN-68115-161,2021-08-10,08120-16183-AW,E-M-0.2,6,24.75,Monasterevin,Ireland,No,Exc,M,0.2,4.125,2.0625,0.45375,2021,8,August,2.7225
IXU-20263-532,2019-11-15,68044-89277-ML,L-M-2.5,2,66.92999999999999,Sandyford,Ireland,Yes,Lib,M,2.5,33.465,1.3385999999999998,4.35045,2019,11,November,8.700899999999999
CBT-15092-420,2019-12-17,71364-35210-HS,L-M-0.5,1,8.73,Birmingham,United Kingdom,Yes,Lib,M,0.5,8.73,1.746,1.1349,2019,12,December,1.1349
PKQ-46841-696,2020-03-18,37177-68797-ON,R-M-0.5,3,17.91,Phoenix,United States,No,Rob,M,0.5,5.97,1.194,0.3581999999999999,2020,3,March,1.0745999999999998
XDU-05471-219,2022-06-06,60308-06944-GS,R-L-0.5,1,7.169999999999999,Longford,Ireland,No,Rob,L,0.5,7.169999999999999,1.4339999999999995,0.4301999999999999,2022,6,June,0.4301999999999999
NID-20149-329,2021-05-20,49888-39458-PF,R-D-0.2,2,5.369999999999999,Toledo,United States,No,Rob,D,0.2,2.685,1.3424999999999998,0.1610999999999999,2021,5,May,0.3221999999999999
SVU-27222-213,2021-01-11,60748-46813-DZ,L-L-0.2,5,23.775,Ballylinan,Ireland,No,Lib,L,0.2,4.755,2.3775,0.61815,2021,1,January,3.09075
RWI-84131-848,2019-02-22,16385-11286-NX,R-D-2.5,2,41.17,Charlotte,United States,Yes,Rob,D,2.5,20.585,0.8233999999999999,1.2351,2019,2,February,2.4702
GUU-40666-525,2021-11-24,68555-89840-GZ,A-L-0.2,3,11.655,Seattle,United States,No,Ara,L,0.2,3.885,1.9425,0.3496499999999999,2021,11,November,1.0489499999999998
SCN-51395-066,2022-01-18,72164-90254-EJ,L-L-0.5,4,38.04,Wilkes Barre,United States,No,Lib,L,0.5,9.51,1.902,1.2363,2022,1,January,4.9452
ULA-24644-321,2021-08-13,67010-92988-CT,R-D-2.5,4,82.33999999999999,Ballyboden,Ireland,Yes,Rob,D,2.5,20.585,0.8233999999999999,1.2351,2021,8,August,4.9404
EOL-92666-762,2020-01-11,15776-91507-GT,L-L-0.2,2,9.51,Bagenalstown,Ireland,Yes,Lib,L,0.2,4.755,2.3775,0.61815,2020,1,January,1.2363
AJV-18231-334,2020-07-05,23473-41001-CD,R-D-2.5,2,41.17,Liverpool,United Kingdom,No,Rob,D,2.5,20.585,0.8233999999999999,1.2351,2020,7,July,2.4702
ZQI-47236-301,2019-07-25,23446-47798-ID,L-L-0.5,5,47.55,Rochester,United States,No,Lib,L,0.5,9.51,1.902,1.2363,2019,7,July,6.1815
ZCR-15721-658,2022-05-26,28327-84469-ND,A-M-1,4,45.0,Tucson,United States,No,Ara,M,1.0,11.25,1.125,1.0125,2022,5,May,4.05
QEW-47945-682,2020-01-10,42466-87067-DT,L-L-0.2,5,23.775,Minneapolis,United States,No,Lib,L,0.2,4.755,2.3775,0.61815,2020,1,January,3.09075
PSY-45485-542,2019-05-17,62246-99443-HF,R-D-0.5,3,16.11,Ashbourne,Ireland,Yes,Rob,D,0.5,5.369999999999999,1.0739999999999998,0.3221999999999999,2019,5,May,0.9665999999999998
BAQ-74241-156,2020-07-24,99869-55718-UU,R-D-0.2,4,10.739999999999998,Bristol,United Kingdom,Yes,Rob,D,0.2,2.685,1.3424999999999998,0.1610999999999999,2020,7,July,0.6443999999999999
BVU-77367-451,2020-10-20,77421-46059-RY,A-D-1,5,49.75,Atlanta,United States,Yes,Ara,D,1.0,9.95,0.995,0.8954999999999999,2020,10,October,4.477499999999999
TJE-91516-344,2019-09-22,49894-06550-OQ,E-M-1,2,27.5,Farranacoush,Ireland,No,Exc,M,1.0,13.75,1.375,1.5125,2019,9,September,3.025
LIS-96202-702,2020-06-07,72028-63343-SU,L-D-2.5,4,119.14,East End,United Kingdom,No,Lib,D,2.5,29.785,1.1913999999999998,3.87205,2020,6,June,15.4882
VIO-27668-766,2019-12-15,10074-20104-NN,R-D-2.5,1,20.585,Knoxville,United States,Yes,Rob,D,2.5,20.585,0.8233999999999999,1.2351,2019,12,December,1.2351
ZVG-20473-043,2020-12-06,71769-10219-IM,A-D-0.2,3,8.955,Saginaw,United States,Yes,Ara,D,0.2,2.985,1.4925,0.26865,2020,12,December,0.8059499999999999
KGZ-56395-231,2021-12-06,22221-71106-JD,A-D-0.5,1,5.97,Saint Augustine,United States,No,Ara,D,0.5,5.97,1.194,0.5373,2021,12,December,0.5373
CUU-92244-729,2020-07-11,99735-44927-OL,E-M-1,3,41.25,San Rafael,United States,Yes,Exc,M,1.0,13.75,1.375,1.5125,2020,7,July,4.5375
EHE-94714-312,2021-06-28,27132-68907-RC,E-L-0.2,5,22.275,Flushing,United States,Yes,Exc,L,0.2,4.455,2.2275,0.49005,2021,6,June,2.45025
RTL-16205-161,2022-04-05,90440-62727-HI,A-M-0.5,1,6.75,Lawrenceville,United States,Yes,Ara,M,0.5,6.75,1.35,0.6074999999999999,2022,4,April,0.6074999999999999
GTS-22482-014,2022-03-24,36769-16558-SX,L-M-2.5,4,133.86,Topeka,United States,Yes,Lib,M,2.5,33.465,1.3385999999999998,4.35045,2022,3,March,17.401799999999998
DYG-25473-881,2020-02-08,10138-31681-SD,A-D-0.2,2,5.97,Shawnee Mission,United States,No,Ara,D,0.2,2.985,1.4925,0.26865,2020,2,February,0.5373
HTR-21838-286,2022-02-11,24669-76297-SF,A-L-1,2,25.9,Seattle,United States,No,Ara,L,1.0,12.95,1.295,1.1655,2022,2,February,2.331
KYG-28296-920,2020-07-02,78050-20355-DI,E-M-2.5,1,31.625,Kilkenny,Ireland,Yes,Exc,M,2.5,31.625,1.265,3.47875,2020,7,July,3.47875
NNB-20459-430,2022-07-25,79825-17822-UH,L-M-0.2,2,8.73,Kissimmee,United States,No,Lib,M,0.2,4.365,2.1825,0.56745,2022,7,July,1.1349
FEK-14025-351,2021-03-19,03990-21586-MQ,E-L-0.2,6,26.73,Rochester,United States,Yes,Exc,L,0.2,4.455,2.2275,0.49005,2021,3,March,2.9403
AWH-16980-469,2020-05-11,27493-46921-TZ,L-M-0.2,6,26.19,Tyler,United States,No,Lib,M,0.2,4.365,2.1825,0.56745,2020,5,May,3.4047
ZPW-31329-741,2019-06-08,27132-68907-RC,R-D-1,6,53.7,Flushing,United States,Yes,Rob,D,1.0,8.95,0.8949999999999999,0.5369999999999999,2019,6,June,3.2219999999999995
ZPW-31329-741,2019-06-08,27132-68907-RC,E-M-2.5,4,126.5,Flushing,United States,Yes,Exc,M,2.5,31.625,1.265,3.47875,2019,6,June,13.915
ZPW-31329-741,2019-06-08,27132-68907-RC,E-M-0.2,1,4.125,Flushing,United States,Yes,Exc,M,0.2,4.125,2.0625,0.45375,2019,6,June,0.45375
UBI-83843-396,2019-10-09,58816-74064-TF,R-L-1,2,23.9,Seaton,United Kingdom,No,Rob,L,1.0,11.95,1.1949999999999998,0.717,2019,10,October,1.434
VID-40587-569,2021-02-20,09818-59895-EH,E-D-2.5,5,139.725,Alexandria,United States,Yes,Exc,D,2.5,27.945,1.1178,3.07395,2021,2,February,15.36975
KBB-52530-416,2019-11-21,06488-46303-IZ,L-D-2.5,2,59.56999999999999,Salt Lake City,United States,Yes,Lib,D,2.5,29.785,1.1913999999999998,3.87205,2019,11,November,7.744099999999999
ISJ-48676-420,2021-10-10,93046-67561-AY,L-L-0.5,6,57.06,San Jose,United States,No,Lib,L,0.5,9.51,1.902,1.2363,2021,10,October,7.4178
MIF-17920-768,2021-08-05,68946-40750-LK,R-L-0.2,6,21.51,Tr谩 Mh贸r,Ireland,Yes,Rob,L,0.2,3.5849999999999995,1.7924999999999998,0.2150999999999999,2021,8,August,1.2905999999999995
CPX-19312-088,2020-07-31,38387-64959-WW,L-M-0.5,6,52.38,Coolock,Ireland,Yes,Lib,M,0.5,8.73,1.746,1.1349,2020,7,July,6.8094
RXI-67978-260,2020-09-19,48418-60841-CC,E-D-1,6,72.9,Coolock,Ireland,No,Exc,D,1.0,12.15,1.215,1.3365,2020,9,September,8.019
LKE-14821-285,2020-05-03,13736-92418-JS,R-M-0.2,5,14.925,Kinnegad,Ireland,Yes,Rob,M,0.2,2.985,1.4925,0.1790999999999999,2020,5,May,0.8955
LRK-97117-150,2019-07-08,33000-22405-LO,L-L-1,6,95.1,El Paso,United States,No,Lib,L,1.0,15.85,1.585,2.0605,2019,7,July,12.363
IGK-51227-573,2019-10-26,46959-60474-LT,L-D-0.5,2,15.54,Fort Lauderdale,United States,No,Lib,D,0.5,7.77,1.5539999999999998,1.0101,2019,10,October,2.0202
ZAY-43009-775,2020-09-27,73431-39823-UP,L-D-0.2,6,23.31,Indianapolis,United States,No,Lib,D,0.2,3.885,1.9425,0.50505,2020,9,September,3.0303
EMA-63190-618,2022-02-28,90993-98984-JK,E-M-0.2,1,4.125,Milwaukee,United States,Yes,Exc,M,0.2,4.125,2.0625,0.45375,2022,2,February,0.45375
FBI-35855-418,2020-09-16,06552-04430-AG,R-M-0.5,6,35.82,Eaton,United Kingdom,No,Rob,M,0.5,5.97,1.194,0.3581999999999999,2020,9,September,2.1492
TXB-80533-417,2020-10-28,54597-57004-QM,L-L-1,2,31.7,Baton Rouge,United States,No,Lib,L,1.0,15.85,1.585,2.0605,2020,10,October,4.121
MBM-00112-248,2019-09-02,50238-24377-ZS,L-L-1,5,79.25,Danbury,United States,Yes,Lib,L,1.0,15.85,1.585,2.0605,2019,9,September,10.302500000000002
EUO-69145-988,2021-08-30,60370-41934-IF,E-D-0.2,3,10.935,Pensacola,United States,No,Exc,D,0.2,3.645,1.8225,0.40095,2021,8,August,1.2028500000000002
GYA-80327-368,2021-06-04,06899-54551-EH,A-D-1,4,39.8,Milltown,Ireland,No,Ara,D,1.0,9.95,0.995,0.8954999999999999,2021,6,June,3.5819999999999994
TNW-41601-420,2020-11-24,66458-91190-YC,R-M-1,5,49.75,Virginia,Ireland,Yes,Rob,M,1.0,9.95,0.995,0.597,2020,11,November,2.985
ALR-62963-723,2020-06-21,80463-43913-WZ,R-D-0.2,3,8.055,Balally,Ireland,Yes,Rob,D,0.2,2.685,1.3424999999999998,0.1610999999999999,2020,6,June,0.4832999999999999
JIG-27636-870,2020-07-13,67204-04870-LG,R-L-1,4,47.8,Grand Rapids,United States,No,Rob,L,1.0,11.95,1.1949999999999998,0.717,2020,7,July,2.868
CTE-31437-326,2019-01-02,22721-63196-UJ,R-M-0.2,4,11.94,Belfast,United Kingdom,No,Rob,M,0.2,2.985,1.4925,0.1790999999999999,2019,1,January,0.7163999999999999
CTE-31437-326,2019-01-02,22721-63196-UJ,E-M-0.2,4,16.5,Belfast,United Kingdom,No,Exc,M,0.2,4.125,2.0625,0.45375,2019,1,January,1.815
CTE-31437-326,2019-01-02,22721-63196-UJ,L-D-1,4,51.8,Belfast,United Kingdom,No,Lib,D,1.0,12.95,1.295,1.6835,2019,1,January,6.734
CTE-31437-326,2019-01-02,22721-63196-UJ,L-L-0.2,3,14.265,Belfast,United Kingdom,No,Lib,L,0.2,4.755,2.3775,0.61815,2019,1,January,1.85445
SLD-63003-334,2022-02-17,55515-37571-RS,L-M-0.2,6,26.19,High Point,United States,No,Lib,M,0.2,4.365,2.1825,0.56745,2022,2,February,3.4047
BXN-64230-789,2020-12-19,25598-77476-CB,A-L-1,2,25.9,El Paso,United States,Yes,Ara,L,1.0,12.95,1.295,1.1655,2020,12,December,2.331
XEE-37895-169,2019-02-20,14888-85625-TM,A-L-2.5,3,89.35499999999999,Cleveland,United States,Yes,Ara,L,2.5,29.785,1.1913999999999998,2.6806499999999995,2019,2,February,8.041949999999998
ZTX-80764-911,2021-01-14,92793-68332-NR,L-D-0.5,6,46.62,Ballymahon,Ireland,No,Lib,D,0.5,7.77,1.5539999999999998,1.0101,2021,1,January,6.0606
WVT-88135-549,2019-11-16,66458-91190-YC,A-D-1,3,29.85,Virginia,Ireland,Yes,Ara,D,1.0,9.95,0.995,0.8954999999999999,2019,11,November,2.6865
IPA-94170-889,2019-12-04,64439-27325-LG,R-L-0.2,3,10.755,Whitegate,Ireland,Yes,Rob,L,0.2,3.5849999999999995,1.7924999999999998,0.2150999999999999,2019,12,December,0.6452999999999999
YQL-63755-365,2020-07-31,78570-76770-LB,A-M-0.2,4,13.5,Birmingham,United States,Yes,Ara,M,0.2,3.375,1.6875,0.3037499999999999,2020,7,July,1.215
RKW-81145-984,2019-03-11,98661-69719-VI,L-L-1,3,47.55,Saint Cloud,United States,No,Lib,L,1.0,15.85,1.585,2.0605,2019,3,March,6.181500000000001
MBT-23379-866,2022-05-10,82990-92703-IX,L-L-1,5,79.25,Philadelphia,United States,No,Lib,L,1.0,15.85,1.585,2.0605,2022,5,May,10.302500000000002
GEJ-39834-935,2021-12-25,49412-86877-VY,L-M-0.2,6,26.19,Detroit,United States,Yes,Lib,M,0.2,4.365,2.1825,0.56745,2021,12,December,3.4047
KRW-91640-596,2022-04-22,70879-00984-FJ,R-L-0.5,3,21.51,Saint Louis,United States,No,Rob,L,0.5,7.169999999999999,1.4339999999999995,0.4301999999999999,2022,4,April,1.2905999999999995
AOT-70449-651,2022-06-11,53414-73391-CR,R-D-2.5,5,102.92499999999998,Schenectady,United States,Yes,Rob,D,2.5,20.585,0.8233999999999999,1.2351,2022,6,June,6.1755
DGC-21813-731,2022-04-27,43606-83072-OA,L-D-0.2,2,7.77,Lakeland,United States,No,Lib,D,0.2,3.885,1.9425,0.50505,2022,4,April,1.0101
JBE-92943-643,2020-12-29,84466-22864-CE,E-D-2.5,5,139.725,Melbourne,United States,No,Exc,D,2.5,27.945,1.1178,3.07395,2020,12,December,15.36975
ZIL-34948-499,2020-07-14,66458-91190-YC,A-D-0.5,2,11.94,Virginia,Ireland,Yes,Ara,D,0.5,5.97,1.194,0.5373,2020,7,July,1.0746
JSU-23781-256,2021-09-07,76499-89100-JQ,L-D-0.2,1,3.885,New Orleans,United States,No,Lib,D,0.2,3.885,1.9425,0.50505,2021,9,September,0.50505
JSU-23781-256,2021-09-07,76499-89100-JQ,R-M-1,4,39.8,New Orleans,United States,No,Rob,M,1.0,9.95,0.995,0.597,2021,9,September,2.388
VPX-44956-367,2019-06-09,39582-35773-ZJ,R-M-0.5,5,29.85,Topeka,United States,No,Rob,M,0.5,5.97,1.194,0.3581999999999999,2019,6,June,1.791
VTB-46451-959,2020-10-25,66240-46962-IO,L-D-2.5,1,29.785,Lucan,Ireland,No,Lib,D,2.5,29.785,1.1913999999999998,3.87205,2020,10,October,3.87205
DNZ-11665-950,2021-02-28,10637-45522-ID,L-L-2.5,2,72.91,Springfield,United States,No,Lib,L,2.5,36.455,1.4582,4.73915,2021,2,February,9.4783
ITR-54735-364,2020-07-26,92599-58687-CS,R-D-0.2,5,13.424999999999995,Camden,United States,Yes,Rob,D,0.2,2.685,1.3424999999999998,0.1610999999999999,2020,7,July,0.8054999999999999
YDS-02797-307,2022-06-05,06058-48844-PI,E-M-2.5,4,126.5,Seattle,United States,Yes,Exc,M,2.5,31.625,1.265,3.47875,2022,6,June,13.915
BPG-68988-842,2019-02-21,53631-24432-SY,E-M-0.5,5,41.25,Wootton,United Kingdom,No,Exc,M,0.5,8.25,1.65,0.9075,2019,2,February,4.5375
XZG-51938-658,2020-04-05,18275-73980-KL,E-L-0.5,6,53.46,Waco,United States,No,Exc,L,0.5,8.91,1.782,0.9801,2020,4,April,5.880599999999999
KAR-24978-271,2019-01-10,23187-65750-HZ,R-M-1,6,59.7,Richmond,United States,No,Rob,M,1.0,9.95,0.995,0.597,2019,1,January,3.582
FQK-28730-361,2022-04-12,22725-79522-GP,R-M-1,6,59.7,Toledo,United States,No,Rob,M,1.0,9.95,0.995,0.597,2022,4,April,3.582
BGB-67996-089,2022-01-30,06279-72603-JE,R-D-1,5,44.75,Huntington,United States,No,Rob,D,1.0,8.95,0.8949999999999999,0.5369999999999999,2022,1,January,2.685
XMC-20620-809,2021-05-14,83543-79246-ON,E-M-0.5,2,16.5,Winter Haven,United States,Yes,Exc,M,0.5,8.25,1.65,0.9075,2021,5,May,1.815
ZSO-58292-191,2022-06-12,66794-66795-VW,R-D-0.5,4,21.48,Dallas,United States,No,Rob,D,0.5,5.369999999999999,1.0739999999999998,0.3221999999999999,2022,6,June,1.2887999999999995
LWJ-06793-303,2022-01-02,95424-67020-AP,R-M-2.5,2,45.77,Adare,Ireland,Yes,Rob,M,2.5,22.885,0.9154,1.3730999999999998,2022,1,January,2.7461999999999995
FLM-82229-989,2022-01-24,73017-69644-MS,L-L-0.2,2,9.51,Ballivor,Ireland,No,Lib,L,0.2,4.755,2.3775,0.61815,2022,1,January,1.2363
CPV-90280-133,2019-03-20,66458-91190-YC,R-D-0.2,3,8.055,Virginia,Ireland,Yes,Rob,D,0.2,2.685,1.3424999999999998,0.1610999999999999,2019,3,March,0.4832999999999999
OGW-60685-912,2020-11-21,67423-10113-LM,E-D-2.5,4,111.78,Evansville,United States,Yes,Exc,D,2.5,27.945,1.1178,3.07395,2020,11,November,12.2958
DEC-11160-362,2021-10-13,48582-05061-RY,R-D-0.2,4,10.739999999999998,Naperville,United States,Yes,Rob,D,0.2,2.685,1.3424999999999998,0.1610999999999999,2021,10,October,0.6443999999999999
WCT-07869-499,2021-10-19,32031-49093-KE,R-D-0.5,5,26.849999999999994,Charleston,United States,No,Rob,D,0.5,5.369999999999999,1.0739999999999998,0.3221999999999999,2021,10,October,1.6109999999999998
FHD-89872-325,2019-04-29,31715-98714-OO,L-L-1,4,63.4,Lansing,United States,Yes,Lib,L,1.0,15.85,1.585,2.0605,2019,4,April,8.242
AZF-45991-584,2019-10-12,73759-17258-KA,A-D-2.5,1,22.885,Boyle,Ireland,Yes,Ara,D,2.5,22.885,0.9154,2.0596499999999995,2019,10,October,2.0596499999999995
MDG-14481-513,2021-05-19,64897-79178-MH,A-M-2.5,4,103.5,Shreveport,United States,No,Ara,M,2.5,25.875,1.035,2.3287499999999994,2021,5,May,9.314999999999998
OFN-49424-848,2021-07-03,73346-85564-JB,R-L-2.5,2,54.96999999999999,San Jose,United States,No,Rob,L,2.5,27.485,1.0994,1.6490999999999998,2021,7,July,3.2982
NFA-03411-746,2020-02-08,07476-13102-NJ,A-L-0.5,2,15.54,Philadelphia,United States,No,Ara,L,0.5,7.77,1.5539999999999998,0.6992999999999999,2020,2,February,1.3985999999999998
CYM-74988-450,2020-10-16,87223-37422-SK,L-D-0.2,4,15.54,Sheffield,United Kingdom,No,Lib,D,0.2,3.885,1.9425,0.50505,2020,10,October,2.0202
WTV-24996-658,2020-10-23,57837-15577-YK,E-D-2.5,3,83.83500000000001,Manorhamilton,Ireland,No,Exc,D,2.5,27.945,1.1178,3.07395,2020,10,October,9.22185
DSL-69915-544,2021-03-10,10142-55267-YO,R-L-0.2,3,10.755,New York City,United States,Yes,Rob,L,0.2,3.5849999999999995,1.7924999999999998,0.2150999999999999,2021,3,March,0.6452999999999999
NBT-35757-542,2021-07-07,73647-66148-VM,E-L-0.2,3,13.365,Oklahoma City,United States,Yes,Exc,L,0.2,4.455,2.2275,0.49005,2021,7,July,1.4701499999999998
OYU-25085-528,2021-02-05,10142-55267-YO,E-L-0.2,4,17.82,New York City,United States,Yes,Exc,L,0.2,4.455,2.2275,0.49005,2021,2,February,1.9602
XCG-07109-195,2020-12-11,92976-19453-DT,L-D-0.2,6,23.31,Newark,United States,Yes,Lib,D,0.2,3.885,1.9425,0.50505,2020,12,December,3.0303
YZA-25234-630,2022-05-13,89757-51438-HX,E-D-0.2,2,7.29,New Haven,United States,No,Exc,D,0.2,3.645,1.8225,0.40095,2022,5,May,0.8019000000000001
OKU-29966-417,2019-10-23,76192-13390-HZ,E-L-0.2,4,17.82,Belfast,United Kingdom,Yes,Exc,L,0.2,4.455,2.2275,0.49005,2019,10,October,1.9602
MEX-29350-659,2020-09-11,02009-87294-SY,E-M-1,5,68.75,Toledo,United States,No,Exc,M,1.0,13.75,1.375,1.5125,2020,9,September,7.5625
NOY-99738-977,2019-09-29,82872-34456-LJ,R-L-2.5,2,54.96999999999999,Newton,United Kingdom,Yes,Rob,L,2.5,27.485,1.0994,1.6490999999999998,2019,9,September,3.2982
TCR-01064-030,2021-03-03,13181-04387-LI,E-M-1,6,82.5,Bantry,Ireland,No,Exc,M,1.0,13.75,1.375,1.5125,2021,3,March,9.075
YUL-42750-776,2021-11-23,24845-36117-TI,L-M-0.2,2,8.73,Shreveport,United States,Yes,Lib,M,0.2,4.365,2.1825,0.56745,2021,11,November,1.1349
XQJ-86887-506,2021-11-06,66458-91190-YC,E-L-1,4,59.4,Virginia,Ireland,Yes,Exc,L,1.0,14.85,1.485,1.6335,2021,11,November,6.534
CUN-90044-279,2021-01-29,86646-65810-TD,L-D-0.2,4,15.54,Lexington,United States,Yes,Lib,D,0.2,3.885,1.9425,0.50505,2021,1,January,2.0202
ICC-73030-502,2022-04-16,59480-02795-IU,A-L-1,3,38.85,Milwaukee,United States,Yes,Ara,L,1.0,12.95,1.295,1.1655,2022,4,April,3.4965
ADP-04506-084,2021-07-24,61809-87758-LJ,E-M-2.5,6,189.75,Amarillo,United States,Yes,Exc,M,2.5,31.625,1.265,3.47875,2021,7,July,20.8725
PNU-22150-408,2019-08-11,77408-43873-RS,A-D-0.2,6,17.91,Daingean,Ireland,Yes,Ara,D,0.2,2.985,1.4925,0.26865,2019,8,August,1.6119
VSQ-07182-513,2019-07-23,18366-65239-WF,L-L-0.2,6,28.53,Halton,United Kingdom,No,Lib,L,0.2,4.755,2.3775,0.61815,2019,7,July,3.7089
SPF-31673-217,2020-06-09,19485-98072-PS,E-M-1,6,82.5,London,United Kingdom,No,Exc,M,1.0,13.75,1.375,1.5125,2020,6,June,9.075
NEX-63825-598,2020-02-22,72072-33025-SD,R-L-0.5,2,14.339999999999998,Knoxville,United States,No,Rob,L,0.5,7.169999999999999,1.4339999999999995,0.4301999999999999,2020,2,February,0.8603999999999998
XPG-66112-335,2020-07-19,58118-22461-GC,R-D-2.5,4,82.33999999999999,Shawnee Mission,United States,No,Rob,D,2.5,20.585,0.8233999999999999,1.2351,2020,7,July,4.9404
NSQ-72210-345,2021-09-20,90940-63327-DJ,A-M-0.2,6,20.25,Fort Lauderdale,United States,Yes,Ara,M,0.2,3.375,1.6875,0.3037499999999999,2021,9,September,1.8225
XRR-28376-277,2021-05-02,64481-42546-II,R-L-2.5,6,164.90999999999997,Tralee,Ireland,No,Rob,L,2.5,27.485,1.0994,1.6490999999999998,2021,5,May,9.8946
WHQ-25197-475,2021-11-26,27536-28463-NJ,L-L-0.2,4,19.02,Austin,United States,Yes,Lib,L,0.2,4.755,2.3775,0.61815,2021,11,November,2.4726
HMB-30634-745,2020-02-18,19485-98072-PS,A-D-2.5,6,137.31,London,United Kingdom,No,Ara,D,2.5,22.885,0.9154,2.0596499999999995,2020,2,February,12.357899999999995
XTL-68000-371,2020-04-07,70140-82812-KD,A-M-0.5,4,27.0,Hyattsville,United States,No,Ara,M,0.5,6.75,1.35,0.6074999999999999,2020,4,April,2.43
YES-51109-625,2022-01-31,91895-55605-LS,E-L-0.5,4,35.64,Ashley,United Kingdom,No,Exc,L,0.5,8.91,1.782,0.9801,2022,1,January,3.9204
EAY-89850-211,2019-02-19,43155-71724-XP,A-D-0.2,2,5.97,Pasadena,United States,Yes,Ara,D,0.2,2.985,1.4925,0.26865,2019,2,February,0.5373
IOQ-84840-827,2019-11-12,32038-81174-JF,A-M-1,6,67.5,Shreveport,United States,No,Ara,M,1.0,11.25,1.125,1.0125,2019,11,November,6.074999999999999
FBD-56220-430,2022-05-16,59205-20324-NB,R-L-0.2,6,21.51,Pensacola,United States,Yes,Rob,L,0.2,3.5849999999999995,1.7924999999999998,0.2150999999999999,2022,5,May,1.2905999999999995
COV-52659-202,2021-02-12,99899-54612-NX,L-M-2.5,2,66.92999999999999,Los Angeles,United States,No,Lib,M,2.5,33.465,1.3385999999999998,4.35045,2021,2,February,8.700899999999999
YUO-76652-814,2021-04-04,26248-84194-FI,A-D-0.2,6,17.91,Durham,United States,No,Ara,D,0.2,2.985,1.4925,0.26865,2021,4,April,1.6119
PBT-36926-102,2021-08-02,19485-98072-PS,L-M-1,4,58.2,London,United Kingdom,No,Lib,M,1.0,14.55,1.455,1.8915,2021,8,August,7.566000000000001
BLV-60087-454,2022-06-08,84493-71314-WX,E-L-0.2,3,13.365,Loughrea,Ireland,No,Exc,L,0.2,4.455,2.2275,0.49005,2022,6,June,1.4701499999999998
BLV-60087-454,2022-06-08,84493-71314-WX,A-M-0.5,5,33.75,Loughrea,Ireland,No,Ara,M,0.5,6.75,1.35,0.6074999999999999,2022,6,June,3.0375
QYC-63914-195,2020-05-14,39789-43945-IV,E-L-1,3,44.55,Whittier,United States,Yes,Exc,L,1.0,14.85,1.485,1.6335,2020,5,May,4.9005
OIB-77163-890,2020-12-25,38972-89678-ZM,E-L-0.5,5,44.55,Birmingham,United Kingdom,Yes,Exc,L,0.5,8.91,1.782,0.9801,2020,12,December,4.9005
SGS-87525-238,2021-07-05,91465-84526-IJ,E-D-1,5,60.75,Richmond,United States,No,Exc,D,1.0,12.15,1.215,1.3365,2021,7,July,6.6825
GQR-12490-152,2019-03-14,22832-98538-RB,R-L-0.2,1,3.5849999999999995,Sterling,United States,Yes,Rob,L,0.2,3.5849999999999995,1.7924999999999998,0.2150999999999999,2019,3,March,0.2150999999999999
UOJ-28238-299,2021-03-07,30844-91890-ZA,R-L-0.2,6,21.51,Carson City,United States,No,Rob,L,0.2,3.5849999999999995,1.7924999999999998,0.2150999999999999,2021,3,March,1.2905999999999995
ETD-58130-674,2021-11-05,05325-97750-WP,E-M-0.5,2,16.5,Upton,United Kingdom,Yes,Exc,M,0.5,8.25,1.65,0.9075,2021,11,November,1.815
UPF-60123-025,2020-02-06,88992-49081-AT,R-L-2.5,3,82.45499999999998,Saint Paul,United States,No,Rob,L,2.5,27.485,1.0994,1.6490999999999998,2020,2,February,4.947299999999999
NQS-01613-687,2021-03-12,10204-31464-SA,L-D-0.5,1,7.77,Huntsville,United States,Yes,Lib,D,0.5,7.77,1.5539999999999998,1.0101,2021,3,March,1.0101
MGH-36050-573,2020-08-03,75156-80911-YT,R-M-0.5,2,11.94,El Paso,United States,Yes,Rob,M,0.5,5.97,1.194,0.3581999999999999,2020,8,August,0.7163999999999999
UVF-59322-459,2019-07-25,53971-49906-PZ,E-L-2.5,6,204.92999999999995,Decatur,United States,No,Exc,L,2.5,34.154999999999994,1.3662,3.75705,2019,7,July,22.5423
VET-41158-896,2020-04-29,10728-17633-ST,E-M-2.5,2,63.24999999999999,Orange,United States,Yes,Exc,M,2.5,31.625,1.265,3.47875,2020,4,April,6.9575
XYL-52196-459,2019-05-02,13549-65017-VE,R-D-0.2,3,8.055,Huntington Beach,United States,Yes,Rob,D,0.2,2.685,1.3424999999999998,0.1610999999999999,2019,5,May,0.4832999999999999
BPZ-51283-916,2021-08-29,87688-42420-TO,A-M-2.5,2,51.74999999999999,Milwaukee,United States,No,Ara,M,2.5,25.875,1.035,2.3287499999999994,2021,8,August,4.657499999999999
VQW-91903-926,2020-03-13,05325-97750-WP,E-D-2.5,1,27.945,Upton,United Kingdom,Yes,Exc,D,2.5,27.945,1.1178,3.07395,2020,3,March,3.07395
OLF-77983-457,2019-02-16,51901-35210-UI,A-L-2.5,2,59.56999999999999,Chattanooga,United States,No,Ara,L,2.5,29.785,1.1913999999999998,2.6806499999999995,2019,2,February,5.361299999999999
MVI-04946-827,2021-11-27,62483-50867-OM,E-L-1,1,14.85,Manchester,United Kingdom,No,Exc,L,1.0,14.85,1.485,1.6335,2021,11,November,1.6335
UOG-94188-104,2021-11-23,92753-50029-SD,A-M-0.5,5,33.75,Columbus,United States,No,Ara,M,0.5,6.75,1.35,0.6074999999999999,2021,11,November,3.0375
DSN-15872-519,2021-12-02,53809-98498-SN,L-L-2.5,4,145.82,Pasadena,United States,Yes,Lib,L,2.5,36.455,1.4582,4.73915,2021,12,December,18.9566
OUQ-73954-002,2019-01-06,66308-13503-KD,R-M-0.2,4,11.94,San Francisco,United States,Yes,Rob,M,0.2,2.985,1.4925,0.1790999999999999,2019,1,January,0.7163999999999999
LGL-16843-667,2021-05-05,82458-87830-JE,A-D-0.2,4,11.94,Shreveport,United States,Yes,Ara,D,0.2,2.985,1.4925,0.26865,2021,5,May,1.0746
TCC-89722-031,2021-10-23,41611-34336-WT,L-D-0.5,1,7.77,Philadelphia,United States,No,Lib,D,0.5,7.77,1.5539999999999998,1.0101,2021,10,October,1.0101
TRA-79507-007,2019-12-16,70089-27418-UJ,R-L-2.5,4,109.93999999999998,Migrate,United States,Yes,Rob,L,2.5,27.485,1.0994,1.6490999999999998,2019,12,December,6.596399999999999
MZJ-77284-941,2019-05-18,99978-56910-BN,E-L-0.2,5,22.275,Toledo,United States,Yes,Exc,L,0.2,4.455,2.2275,0.49005,2019,5,May,2.45025
AXN-57779-891,2019-07-14,09668-23340-IC,R-M-0.2,3,8.955,Colorado Springs,United States,No,Rob,M,0.2,2.985,1.4925,0.1790999999999999,2019,7,July,0.5372999999999999
PJB-15659-994,2020-11-13,39457-62611-YK,L-D-2.5,4,119.14,Longwood,Ireland,No,Lib,D,2.5,29.785,1.1913999999999998,3.87205,2020,11,November,15.4882
LTS-03470-353,2020-07-16,90985-89807-RW,A-L-2.5,5,148.92499999999998,Pittsburgh,United States,Yes,Ara,L,2.5,29.785,1.1913999999999998,2.6806499999999995,2020,7,July,13.403249999999998
UMM-28497-689,2020-11-03,05325-97750-WP,L-L-2.5,3,109.365,Upton,United Kingdom,Yes,Lib,L,2.5,36.455,1.4582,4.73915,2020,11,November,14.21745
MJZ-93232-402,2022-03-20,17816-67941-ZS,E-D-0.2,1,3.645,Shreveport,United States,Yes,Exc,D,0.2,3.645,1.8225,0.40095,2022,3,March,0.40095
UHW-74617-126,2022-02-16,90816-65619-LM,E-D-2.5,2,55.89,Cleveland,United States,No,Exc,D,2.5,27.945,1.1178,3.07395,2022,2,February,6.1479
RIK-61730-794,2020-11-12,69761-61146-KD,L-M-0.2,6,26.19,Milwaukee,United States,Yes,Lib,M,0.2,4.365,2.1825,0.56745,2020,11,November,3.4047
IDJ-55379-750,2019-10-05,24040-20817-QB,R-M-1,4,39.8,Fort Lauderdale,United States,No,Rob,M,1.0,9.95,0.995,0.597,2019,10,October,2.388
OHX-11953-965,2019-10-01,19524-21432-XP,E-L-2.5,2,68.30999999999999,Shreveport,United States,No,Exc,L,2.5,34.154999999999994,1.3662,3.75705,2019,10,October,7.514099999999999
TVV-42245-088,2020-03-06,14398-43114-RV,A-M-0.2,4,13.5,Beaumont,Ireland,No,Ara,M,0.2,3.375,1.6875,0.3037499999999999,2020,3,March,1.215
DYP-74337-787,2019-10-23,41486-52502-QQ,R-M-0.5,1,5.97,Sacramento,United States,No,Rob,M,0.5,5.97,1.194,0.3581999999999999,2019,10,October,0.3581999999999999
OKA-93124-100,2020-04-23,05325-97750-WP,R-M-0.5,5,29.85,Upton,United Kingdom,Yes,Rob,M,0.5,5.97,1.194,0.3581999999999999,2020,4,April,1.791
IXW-20780-268,2020-06-24,20236-64364-QL,L-L-2.5,2,72.91,Fargo,United States,Yes,Lib,L,2.5,36.455,1.4582,4.73915,2020,6,June,9.4783
NGG-24006-937,2021-03-16,29102-40100-TZ,E-M-2.5,4,126.5,Middleton,United Kingdom,No,Exc,M,2.5,31.625,1.265,3.47875,2021,3,March,13.915
JZC-31180-557,2020-04-07,09171-42203-EB,L-M-2.5,1,33.465,Tulsa,United States,No,Lib,M,2.5,33.465,1.3385999999999998,4.35045,2020,4,April,4.35045
ZMU-63715-204,2021-09-30,29060-75856-UI,E-D-1,6,72.9,New York City,United States,Yes,Exc,D,1.0,12.15,1.215,1.3365,2021,9,September,8.019
GND-08192-056,2022-05-01,17088-16989-PL,L-D-0.5,2,15.54,Seminole,United States,Yes,Lib,D,0.5,7.77,1.5539999999999998,1.0101,2022,5,May,2.0202
RYY-38961-093,2021-01-21,14756-18321-CL,A-M-0.2,6,20.25,Fort Lauderdale,United States,No,Ara,M,0.2,3.375,1.6875,0.3037499999999999,2021,1,January,1.8225
CVA-64996-969,2020-06-24,13324-78688-MI,A-L-1,6,77.69999999999999,Portland,United States,No,Ara,L,1.0,12.95,1.295,1.1655,2020,6,June,6.993
XTH-67276-442,2019-03-03,73799-04749-BM,L-M-2.5,4,133.86,Las Vegas,United States,No,Lib,M,2.5,33.465,1.3385999999999998,4.35045,2019,3,March,17.401799999999998
PVU-02950-470,2021-01-28,01927-46702-YT,E-D-1,1,12.15,Merton,United Kingdom,No,Exc,D,1.0,12.15,1.215,1.3365,2021,1,January,1.3365
XSN-26809-910,2020-06-28,80467-17137-TO,E-M-2.5,2,63.24999999999999,Ballybofey,Ireland,Yes,Exc,M,2.5,31.625,1.265,3.47875,2020,6,June,6.9575
UDN-88321-005,2020-07-05,14640-87215-BK,R-L-0.5,5,35.849999999999994,San Francisco,United States,No,Rob,L,0.5,7.169999999999999,1.4339999999999995,0.4301999999999999,2020,7,July,2.151
EXP-21628-670,2019-03-02,94447-35885-HK,A-M-2.5,3,77.62499999999999,Pittsburgh,United States,No,Ara,M,2.5,25.875,1.035,2.3287499999999994,2019,3,March,6.986249999999998
VGM-24161-361,2022-05-01,71034-49694-CS,E-M-2.5,2,63.24999999999999,Houston,United States,Yes,Exc,M,2.5,31.625,1.265,3.47875,2022,5,May,6.9575
PKN-19556-918,2022-04-29,00445-42781-KX,E-L-0.2,6,26.73,Castlerea,Ireland,Yes,Exc,L,0.2,4.455,2.2275,0.49005,2022,4,April,2.9403
PKN-19556-918,2022-04-29,00445-42781-KX,L-D-0.5,4,31.08,Castlerea,Ireland,Yes,Lib,D,0.5,7.77,1.5539999999999998,1.0101,2022,4,April,4.0404
PKN-19556-918,2022-04-29,00445-42781-KX,A-D-0.2,1,2.985,Castlerea,Ireland,Yes,Ara,D,0.2,2.985,1.4925,0.26865,2022,4,April,0.26865
PKN-19556-918,2022-04-29,00445-42781-KX,R-D-2.5,5,102.92499999999998,Castlerea,Ireland,Yes,Rob,D,2.5,20.585,0.8233999999999999,1.2351,2022,4,April,6.1755
DXQ-44537-297,2020-08-06,96116-24737-LV,E-L-0.5,4,35.64,Los Angeles,United States,No,Exc,L,0.5,8.91,1.782,0.9801,2020,8,August,3.9204
BPC-54727-307,2019-12-21,18684-73088-YL,R-L-1,4,47.8,Wilkes Barre,United States,No,Rob,L,1.0,11.95,1.1949999999999998,0.717,2019,12,December,2.868
KSH-47717-456,2020-04-19,74671-55639-TU,L-M-1,3,43.650000000000006,Denton,United States,No,Lib,M,1.0,14.55,1.455,1.8915,2020,4,April,5.6745
ANK-59436-446,2022-01-17,17488-65879-XL,E-L-0.5,4,35.64,Lees Summit,United States,Yes,Exc,L,0.5,8.91,1.782,0.9801,2022,1,January,3.9204
AYY-83051-752,2019-01-22,46431-09298-OU,L-L-1,6,95.1,Little Rock,United States,Yes,Lib,L,1.0,15.85,1.585,2.0605,2019,1,January,12.363
CSW-59644-267,2020-02-28,60378-26473-FE,E-M-2.5,1,31.625,Ballisodare,Ireland,Yes,Exc,M,2.5,31.625,1.265,3.47875,2020,2,February,3.47875
ITY-92466-909,2019-08-07,34927-68586-ZV,A-M-2.5,3,77.62499999999999,Daingean,Ireland,Yes,Ara,M,2.5,25.875,1.035,2.3287499999999994,2019,8,August,6.986249999999998
IGW-04801-466,2021-05-15,29051-27555-GD,L-D-0.2,1,3.885,Erie,United States,Yes,Lib,D,0.2,3.885,1.9425,0.50505,2021,5,May,0.50505
LJN-34281-921,2021-12-17,52143-35672-JF,R-L-2.5,5,137.42499999999998,Columbus,United States,No,Rob,L,2.5,27.485,1.0994,1.6490999999999998,2021,12,December,8.2455
BWZ-46364-547,2021-09-09,64918-67725-MN,R-L-1,3,35.849999999999994,Pittsburgh,United States,Yes,Rob,L,1.0,11.95,1.1949999999999998,0.717,2021,9,September,2.151
SBC-95710-706,2020-02-19,85634-61759-ND,E-M-0.2,2,8.25,Ford,United Kingdom,Yes,Exc,M,0.2,4.125,2.0625,0.45375,2020,2,February,0.9075
WRN-55114-031,2020-06-29,40180-22940-QB,E-L-2.5,3,102.46499999999996,Dallas,United States,Yes,Exc,L,2.5,34.154999999999994,1.3662,3.75705,2020,6,June,11.27115
TZU-64255-831,2022-05-13,34666-76738-SQ,R-D-2.5,2,41.17,Miami,United States,No,Rob,D,2.5,20.585,0.8233999999999999,1.2351,2022,5,May,2.4702
JVF-91003-729,2020-10-02,98536-88616-FF,A-D-2.5,3,68.655,San Angelo,United States,Yes,Ara,D,2.5,22.885,0.9154,2.0596499999999995,2020,10,October,6.178949999999999
MVB-22135-665,2021-12-02,55621-06130-SA,A-D-1,1,9.95,Albany,United States,Yes,Ara,D,1.0,9.95,0.995,0.8954999999999999,2021,12,December,0.8954999999999999
CKS-47815-571,2021-11-02,45666-86771-EH,L-L-0.5,3,28.53,Thorpe,United Kingdom,Yes,Lib,L,0.5,9.51,1.902,1.2363,2021,11,November,3.7089
OAW-17338-101,2020-02-23,52143-35672-JF,R-D-0.2,6,16.11,Columbus,United States,No,Rob,D,0.2,2.685,1.3424999999999998,0.1610999999999999,2020,2,February,0.9665999999999998
ALP-37623-536,2020-07-03,24689-69376-XX,L-L-1,6,95.1,Carlton,United Kingdom,No,Lib,L,1.0,15.85,1.585,2.0605,2020,7,July,12.363
WMU-87639-108,2019-02-11,71891-51101-VQ,R-D-0.5,1,5.369999999999999,Corona,United States,Yes,Rob,D,0.5,5.369999999999999,1.0739999999999998,0.3221999999999999,2019,2,February,0.3221999999999999
USN-44968-231,2020-09-10,71749-05400-CN,R-L-1,4,47.8,Washington,United States,No,Rob,L,1.0,11.95,1.1949999999999998,0.717,2020,9,September,2.868
YZG-20575-451,2020-03-02,64845-00270-NO,L-L-1,4,63.4,Ballinteer,Ireland,No,Lib,L,1.0,15.85,1.585,2.0605,2020,3,March,8.242
HTH-52867-812,2021-06-28,29851-36402-UX,A-M-2.5,4,103.5,Toledo,United States,No,Ara,M,2.5,25.875,1.035,2.3287499999999994,2021,6,June,9.314999999999998
FWU-44971-444,2019-01-11,12190-25421-WM,A-D-2.5,3,68.655,Washington,United States,No,Ara,D,2.5,22.885,0.9154,2.0596499999999995,2019,1,January,6.178949999999999
EQI-82205-066,2019-09-20,52316-30571-GD,R-M-2.5,2,45.77,Cedar Rapids,United States,Yes,Rob,M,2.5,22.885,0.9154,1.3730999999999998,2019,9,September,2.7461999999999995
NAR-00747-074,2021-10-16,23243-92649-RY,L-D-1,4,51.8,Aurora,United States,No,Lib,D,1.0,12.95,1.295,1.6835,2021,10,October,6.734
JYR-22052-185,2020-01-01,39528-19971-OR,A-M-0.5,2,13.5,Sunnyvale,United States,Yes,Ara,M,0.5,6.75,1.35,0.6074999999999999,2020,1,January,1.215
XKO-54097-932,2022-03-10,32743-78448-KT,E-M-0.5,3,24.75,Durham,United States,Yes,Exc,M,0.5,8.25,1.65,0.9075,2022,3,March,2.7225
HXA-72415-025,2022-05-12,93417-12322-YB,A-D-2.5,2,45.77,Cluain Meala,Ireland,Yes,Ara,D,2.5,22.885,0.9154,2.0596499999999995,2022,5,May,4.119299999999999
MJF-20065-335,2020-09-10,56891-86662-UY,E-L-0.5,6,53.46,Lansing,United States,No,Exc,L,0.5,8.91,1.782,0.9801,2020,9,September,5.880599999999999
GFI-83300-059,2021-10-16,40414-26467-VE,A-M-0.2,6,20.25,Houston,United States,Yes,Ara,M,0.2,3.375,1.6875,0.3037499999999999,2021,10,October,1.8225
WJR-51493-682,2021-06-17,87858-83734-RK,L-D-2.5,5,148.92499999999998,Murfreesboro,United States,No,Lib,D,2.5,29.785,1.1913999999999998,3.87205,2021,6,June,19.36025
SHP-55648-472,2019-03-30,46818-20198-GB,A-M-1,6,67.5,Charleston,United States,No,Ara,M,1.0,11.25,1.125,1.0125,2019,3,March,6.074999999999999
HYR-03455-684,2021-12-19,29808-89098-XD,E-D-1,6,72.9,Erie,United States,No,Exc,D,1.0,12.15,1.215,1.3365,2021,12,December,8.019
HYR-03455-684,2021-12-19,29808-89098-XD,L-D-0.2,2,7.77,Erie,United States,No,Lib,D,0.2,3.885,1.9425,0.50505,2021,12,December,1.0101
HUG-52766-375,2020-06-05,78786-77449-RQ,A-D-2.5,4,91.54,Lubbock,United States,No,Ara,D,2.5,22.885,0.9154,2.0596499999999995,2020,6,June,8.238599999999998
DAH-46595-917,2021-09-12,27878-42224-QF,A-D-1,6,59.7,Gorey,Ireland,No,Ara,D,1.0,9.95,0.995,0.8954999999999999,2021,9,September,5.372999999999999
VEM-79839-466,2022-03-16,32743-78448-KT,R-L-2.5,5,137.42499999999998,Durham,United States,Yes,Rob,L,2.5,27.485,1.0994,1.6490999999999998,2022,3,March,8.2455
OWH-11126-533,2021-12-21,25331-13794-SB,L-M-2.5,2,66.92999999999999,Florence,United States,No,Lib,M,2.5,33.465,1.3385999999999998,4.35045,2021,12,December,8.700899999999999
UMT-26130-151,2019-05-21,55864-37682-GQ,L-M-0.2,3,13.095,Syracuse,United States,Yes,Lib,M,0.2,4.365,2.1825,0.56745,2019,5,May,1.70235
JKA-27899-806,2021-10-26,97005-25609-CQ,R-L-1,5,59.75,Lawrenceville,United States,No,Rob,L,1.0,11.95,1.1949999999999998,0.717,2021,10,October,3.585
ULU-07744-724,2020-03-26,94058-95794-IJ,L-M-0.5,5,43.650000000000006,Houston,United States,Yes,Lib,M,0.5,8.73,1.746,1.1349,2020,3,March,5.6745
NOM-56457-507,2020-10-14,40214-03678-GU,E-M-1,6,82.5,Kansas City,United States,Yes,Exc,M,1.0,13.75,1.375,1.5125,2020,10,October,9.075
NZN-71683-705,2021-12-13,04921-85445-SL,A-L-2.5,6,178.70999999999998,Bradenton,United States,Yes,Ara,L,2.5,29.785,1.1913999999999998,2.6806499999999995,2021,12,December,16.083899999999996
WMA-34232-850,2021-03-08,53386-94266-LJ,L-D-2.5,4,119.14,Allentown,United States,Yes,Lib,D,2.5,29.785,1.1913999999999998,3.87205,2021,3,March,15.4882
EZL-27919-704,2021-01-21,49480-85909-DG,L-L-0.5,5,47.55,Hampton,United States,No,Lib,L,0.5,9.51,1.902,1.2363,2021,1,January,6.1815
ZYU-11345-774,2021-01-10,18293-78136-MN,L-M-0.5,5,43.650000000000006,Whitegate,Ireland,No,Lib,M,0.5,8.73,1.746,1.1349,2021,1,January,5.6745
CPW-34587-459,2021-03-26,84641-67384-TD,A-L-2.5,6,178.70999999999998,Wichita,United States,Yes,Ara,L,2.5,29.785,1.1913999999999998,2.6806499999999995,2021,3,March,16.083899999999996
NQZ-82067-394,2022-03-25,72320-29738-EB,R-L-2.5,1,27.485,Thorpe,United Kingdom,No,Rob,L,2.5,27.485,1.0994,1.6490999999999998,2022,3,March,1.6490999999999998
JBW-95055-851,2021-07-22,47355-97488-XS,A-M-1,5,56.25,Danbury,United States,No,Ara,M,1.0,11.25,1.125,1.0125,2021,7,July,5.0625
AHY-20324-088,2020-09-06,63499-24884-PP,L-L-0.2,2,9.51,Kinloch,United Kingdom,Yes,Lib,L,0.2,4.755,2.3775,0.61815,2020,9,September,1.2363
ZSL-66684-103,2019-12-28,39193-51770-FM,E-M-0.2,2,8.25,Jacksonville,United States,Yes,Exc,M,0.2,4.125,2.0625,0.45375,2019,12,December,0.9075
WNE-73911-475,2020-04-20,61323-91967-GG,L-D-0.5,6,46.62,Houston,United States,No,Lib,D,0.5,7.77,1.5539999999999998,1.0101,2020,4,April,6.0606
EZB-68383-559,2019-02-21,90123-01967-KS,R-L-1,6,71.69999999999999,Portland,United States,No,Rob,L,1.0,11.95,1.1949999999999998,0.717,2019,2,February,4.302
OVO-01283-090,2022-03-17,15958-25089-OS,L-L-2.5,2,72.91,Pasadena,United States,Yes,Lib,L,2.5,36.455,1.4582,4.73915,2022,3,March,9.4783
TXH-78646-919,2021-05-14,98430-37820-UV,R-D-0.2,3,8.055,Santa Ana,United States,Yes,Rob,D,0.2,2.685,1.3424999999999998,0.1610999999999999,2021,5,May,0.4832999999999999
CYZ-37122-164,2019-01-06,21798-04171-XC,E-M-0.5,2,16.5,San Jose,United States,No,Exc,M,0.5,8.25,1.65,0.9075,2019,1,January,1.815
AGQ-06534-750,2019-04-24,52798-46508-HP,A-L-1,5,64.75,Tallaght,Ireland,No,Ara,L,1.0,12.95,1.295,1.1655,2019,4,April,5.8275
QVL-32245-818,2021-05-30,46478-42970-EM,A-M-0.5,5,33.75,Colorado Springs,United States,No,Ara,M,0.5,6.75,1.35,0.6074999999999999,2021,5,May,3.0375
LTD-96842-834,2022-07-12,00246-15080-LE,L-D-2.5,6,178.70999999999998,Toledo,United States,No,Lib,D,2.5,29.785,1.1913999999999998,3.87205,2022,7,July,23.2323
SEC-91807-425,2021-01-31,94091-86957-HX,A-M-1,2,22.5,Beaumont,Ireland,No,Ara,M,1.0,11.25,1.125,1.0125,2021,1,January,2.025
MHM-44857-599,2019-09-12,26295-44907-DK,L-D-1,1,12.95,Cincinnati,United States,No,Lib,D,1.0,12.95,1.295,1.6835,2019,9,September,1.6835
KGC-95046-911,2020-06-30,95351-96177-QV,A-M-2.5,2,51.74999999999999,Saint Louis,United States,Yes,Ara,M,2.5,25.875,1.035,2.3287499999999994,2020,6,June,4.657499999999999
RZC-75150-413,2020-03-25,92204-96636-BS,E-D-0.5,5,36.45,Yonkers,United States,No,Exc,D,0.5,7.29,1.458,0.8019000000000001,2020,3,March,4.0095
EYH-88288-452,2021-04-14,03010-30348-UA,L-L-2.5,5,182.275,Baltimore,United States,Yes,Lib,L,2.5,36.455,1.4582,4.73915,2021,4,April,23.69575
NYQ-24237-772,2019-08-16,13441-34686-SW,L-D-0.5,4,31.08,Jacksonville,United States,No,Lib,D,0.5,7.77,1.5539999999999998,1.0101,2019,8,August,4.0404
WKB-21680-566,2021-12-17,96612-41722-VJ,A-M-0.5,3,20.25,Bayside,Ireland,No,Ara,M,0.5,6.75,1.35,0.6074999999999999,2021,12,December,1.8225
THE-61147-027,2019-12-31,94091-86957-HX,L-D-1,2,25.9,Beaumont,Ireland,No,Lib,D,1.0,12.95,1.295,1.6835,2019,12,December,3.367
PTY-86420-119,2021-04-12,25504-41681-WA,A-D-0.5,4,23.88,Miami,United States,Yes,Ara,D,0.5,5.97,1.194,0.5373,2021,4,April,2.1492
QHL-27188-431,2019-09-28,75443-07820-DZ,L-L-0.5,2,19.02,San Francisco,United States,No,Lib,L,0.5,9.51,1.902,1.2363,2019,9,September,2.4726
MIS-54381-047,2022-06-15,39276-95489-XV,A-D-0.5,5,29.85,Sandyford,Ireland,Yes,Ara,D,0.5,5.97,1.194,0.5373,2022,6,June,2.6865
TBB-29780-459,2019-07-15,61437-83623-PZ,A-L-0.5,1,7.77,Punta Gorda,United States,Yes,Ara,L,0.5,7.77,1.5539999999999998,0.6992999999999999,2019,7,July,0.6992999999999999
QLC-52637-305,2019-02-10,34317-87258-HQ,L-D-2.5,4,119.14,Ballivor,Ireland,Yes,Lib,D,2.5,29.785,1.1913999999999998,3.87205,2019,2,February,15.4882
CWT-27056-328,2022-06-04,18570-80998-ZS,E-D-0.2,6,21.87,New York City,United States,Yes,Exc,D,0.2,3.645,1.8225,0.40095,2022,6,June,2.4057000000000004
ASS-05878-128,2020-10-10,66580-33745-OQ,E-L-0.5,2,17.82,Spartanburg,United States,No,Exc,L,0.5,8.91,1.782,0.9801,2020,10,October,1.9602
EGK-03027-418,2021-06-06,19820-29285-FD,E-M-0.2,3,12.375,Bakersfield,United States,No,Exc,M,0.2,4.125,2.0625,0.45375,2021,6,June,1.36125
KCY-61732-849,2019-03-16,11349-55147-SN,L-D-1,2,25.9,Dungarvan,Ireland,No,Lib,D,1.0,12.95,1.295,1.6835,2019,3,March,3.367
BLI-21697-702,2019-12-05,21141-12455-VB,A-M-0.5,2,13.5,Saint Louis,United States,Yes,Ara,M,0.5,6.75,1.35,0.6074999999999999,2019,12,December,1.215
KFJ-46568-890,2019-01-20,71003-85639-HB,E-L-0.5,2,17.82,Fort Wayne,United States,Yes,Exc,L,0.5,8.91,1.782,0.9801,2019,1,January,1.9602
SOK-43535-680,2022-04-04,58443-95866-YO,E-M-0.5,3,24.75,Young America,United States,No,Exc,M,0.5,8.25,1.65,0.9075,2022,4,April,2.7225
XUE-87260-201,2022-02-08,89646-21249-OH,R-M-0.2,6,17.91,Fort Smith,United States,No,Rob,M,0.2,2.985,1.4925,0.1790999999999999,2022,2,February,1.0745999999999998
CZF-40873-691,2019-06-30,64988-20636-XQ,E-M-0.5,2,16.5,Charlton,United Kingdom,No,Exc,M,0.5,8.25,1.65,0.9075,2019,6,June,1.815
AIA-98989-755,2020-05-09,34704-83143-KS,R-M-0.2,1,2.985,Stockton,United States,No,Rob,M,0.2,2.985,1.4925,0.1790999999999999,2020,5,May,0.1790999999999999
ITZ-21793-986,2021-06-11,67388-17544-XX,E-D-0.2,4,14.58,Navan,Ireland,Yes,Exc,D,0.2,3.645,1.8225,0.40095,2021,6,June,1.6038
YOK-93322-608,2021-11-04,69411-48470-ID,E-L-1,6,89.1,Tampa,United States,No,Exc,L,1.0,14.85,1.485,1.6335,2021,11,November,9.801
LXK-00634-611,2022-02-20,94091-86957-HX,R-L-1,3,35.849999999999994,Beaumont,Ireland,No,Rob,L,1.0,11.95,1.1949999999999998,0.717,2022,2,February,2.151
CQW-37388-302,2019-07-03,97741-98924-KT,A-D-2.5,3,68.655,Philadelphia,United States,No,Ara,D,2.5,22.885,0.9154,2.0596499999999995,2019,7,July,6.178949999999999
SPA-79365-334,2021-06-01,79857-78167-KO,L-D-1,3,38.85,San Angelo,United States,No,Lib,D,1.0,12.95,1.295,1.6835,2021,6,June,5.0505
VPX-08817-517,2020-11-15,46963-10322-ZA,L-L-1,5,79.25,Los Angeles,United States,Yes,Lib,L,1.0,15.85,1.585,2.0605,2020,11,November,10.302500000000002
PBP-87115-410,2021-01-19,93812-74772-MV,E-D-0.5,5,36.45,Lansing,United States,Yes,Exc,D,0.5,7.29,1.458,0.8019000000000001,2021,1,January,4.0095
SFB-93752-440,2021-10-10,48203-23480-UB,R-M-0.2,3,8.955,Clearwater,United States,Yes,Rob,M,0.2,2.985,1.4925,0.1790999999999999,2021,10,October,0.5372999999999999
TBU-65158-068,2022-02-28,60357-65386-RD,E-D-1,2,24.3,Whittier,United States,No,Exc,D,1.0,12.15,1.215,1.3365,2022,2,February,2.673
TEH-08414-216,2021-10-01,35099-13971-JI,E-M-2.5,2,63.24999999999999,Fresno,United States,No,Exc,M,2.5,31.625,1.265,3.47875,2021,10,October,6.9575
MAY-77231-536,2020-09-02,01304-59807-OB,A-M-0.2,2,6.75,New York City,United States,Yes,Ara,M,0.2,3.375,1.6875,0.3037499999999999,2020,9,September,0.6074999999999999
ATY-28980-884,2020-07-31,50705-17295-NK,A-L-0.2,6,23.31,Colorado Springs,United States,No,Ara,L,0.2,3.885,1.9425,0.3496499999999999,2020,7,July,2.0979
SWP-88281-918,2022-01-10,77657-61366-FY,L-L-2.5,4,145.82,Long Beach,United States,No,Lib,L,2.5,36.455,1.4582,4.73915,2022,1,January,18.9566
VCE-56531-986,2021-03-09,57192-13428-PL,R-M-0.5,5,29.85,Lusk,Ireland,Yes,Rob,M,0.5,5.97,1.194,0.3581999999999999,2021,3,March,1.791
FVV-75700-005,2020-11-20,24891-77957-LU,E-D-0.5,3,21.87,Reno,United States,Yes,Exc,D,0.5,7.29,1.458,0.8019000000000001,2020,11,November,2.4057000000000004
CFZ-53492-600,2022-03-14,64896-18468-BT,L-M-0.2,1,4.365,Upton,United Kingdom,No,Lib,M,0.2,4.365,2.1825,0.56745,2022,3,March,0.56745
LDK-71031-121,2019-01-10,84761-40784-SV,L-L-2.5,1,36.455,Las Vegas,United States,No,Lib,L,2.5,36.455,1.4582,4.73915,2019,1,January,4.73915
EBA-82404-343,2021-01-26,20236-42322-CM,L-D-0.2,4,15.54,Wilmington,United States,Yes,Lib,D,0.2,3.885,1.9425,0.50505,2021,1,January,2.0202
USA-42811-560,2021-04-26,49671-11547-WG,E-L-0.2,2,8.91,Reno,United States,No,Exc,L,0.2,4.455,2.2275,0.49005,2021,4,April,0.9801
SNL-83703-516,2022-01-04,57976-33535-WK,L-M-2.5,3,100.39499999999998,Tuscaloosa,United States,Yes,Lib,M,2.5,33.465,1.3385999999999998,4.35045,2022,1,January,13.05135
SUZ-83036-175,2019-08-20,55915-19477-MK,R-D-0.2,5,13.424999999999995,Garden Grove,United States,No,Rob,D,0.2,2.685,1.3424999999999998,0.1610999999999999,2019,8,August,0.8054999999999999
RGM-01187-513,2022-07-15,28121-11641-UA,E-D-0.2,6,21.87,Shawnee Mission,United States,No,Exc,D,0.2,3.645,1.8225,0.40095,2022,7,July,2.4057000000000004
CZG-01299-952,2019-02-12,09540-70637-EV,L-D-1,2,25.9,Ballivor,Ireland,Yes,Lib,D,1.0,12.95,1.295,1.6835,2019,2,February,3.367
KLD-88731-484,2021-09-08,17775-77072-PP,A-M-1,5,56.25,Cincinnati,United States,No,Ara,M,1.0,11.25,1.125,1.0125,2021,9,September,5.0625
BQK-38412-229,2019-12-13,90392-73338-BC,R-L-0.2,3,10.755,Whitwell,United Kingdom,No,Rob,L,0.2,3.5849999999999995,1.7924999999999998,0.2150999999999999,2019,12,December,0.6452999999999999
TCX-76953-071,2021-08-25,94091-86957-HX,E-D-0.2,5,18.225,Beaumont,Ireland,No,Exc,D,0.2,3.645,1.8225,0.40095,2021,8,August,2.00475
LIN-88046-551,2022-03-23,10725-45724-CO,R-L-0.5,4,28.68,Dungarvan,Ireland,No,Rob,L,0.5,7.169999999999999,1.4339999999999995,0.4301999999999999,2022,3,March,1.7207999999999997
PMV-54491-220,2019-04-11,87242-18006-IR,L-M-0.2,2,8.73,Sunnyvale,United States,No,Lib,M,0.2,4.365,2.1825,0.56745,2019,4,April,1.1349
SKA-73676-005,2020-10-29,36572-91896-PP,L-M-1,4,58.2,Memphis,United States,No,Lib,M,1.0,14.55,1.455,1.8915,2020,10,October,7.566000000000001
TKH-62197-239,2020-07-30,25181-97933-UX,A-D-0.5,3,17.91,Orlando,United States,No,Ara,D,0.5,5.97,1.194,0.5373,2020,7,July,1.6119
YXF-57218-272,2019-03-15,55374-03175-IA,R-M-0.2,6,17.91,Detroit,United States,Yes,Rob,M,0.2,2.985,1.4925,0.1790999999999999,2019,3,March,1.0745999999999998
PKJ-30083-501,2021-12-27,76948-43532-JS,E-D-0.5,2,14.58,Clones,Ireland,No,Exc,D,0.5,7.29,1.458,0.8019000000000001,2021,12,December,1.6038
WTT-91832-645,2019-10-03,24344-88599-PP,A-M-1,3,33.75,Stradbally,Ireland,No,Ara,M,1.0,11.25,1.125,1.0125,2019,10,October,3.0375
TRZ-94735-865,2019-02-05,54462-58311-YF,L-M-0.5,4,34.92,Ballina,Ireland,Yes,Lib,M,0.5,8.73,1.746,1.1349,2019,2,February,4.5396
UDB-09651-780,2020-08-31,90767-92589-LV,E-D-0.5,2,14.58,Richmond,United States,No,Exc,D,0.5,7.29,1.458,0.8019000000000001,2020,8,August,1.6038
EHJ-82097-549,2021-01-13,27517-43747-YD,R-D-0.2,2,5.369999999999999,Glasnevin,Ireland,Yes,Rob,D,0.2,2.685,1.3424999999999998,0.1610999999999999,2021,1,January,0.3221999999999999
ZFR-79447-696,2021-03-22,77828-66867-KH,R-M-0.5,1,5.97,Fort Worth,United States,Yes,Rob,M,0.5,5.97,1.194,0.3581999999999999,2021,3,March,0.3581999999999999
NUU-03893-975,2020-01-17,41054-59693-XE,L-L-0.5,2,19.02,Brooklyn,United States,No,Lib,L,0.5,9.51,1.902,1.2363,2020,1,January,2.4726
GVG-59542-307,2019-07-02,26314-66792-VP,E-M-1,2,27.5,Fort Worth,United States,Yes,Exc,M,1.0,13.75,1.375,1.5125,2019,7,July,3.025
YLY-35287-172,2022-05-23,69410-04668-MA,A-D-0.5,5,29.85,Phoenix,United States,No,Ara,D,0.5,5.97,1.194,0.5373,2022,5,May,2.6865
DCI-96254-548,2022-06-14,94091-86957-HX,A-D-0.2,6,17.91,Beaumont,Ireland,No,Ara,D,0.2,2.985,1.4925,0.26865,2022,6,June,1.6119
KHZ-26264-253,2021-07-20,24972-55878-KX,L-L-0.2,6,28.53,Dallas,United States,No,Lib,L,0.2,4.755,2.3775,0.61815,2021,7,July,3.7089
AAQ-13644-699,2022-06-03,46296-42617-OQ,R-D-1,4,35.8,Asheville,United States,Yes,Rob,D,1.0,8.95,0.8949999999999999,0.5369999999999999,2022,6,June,2.148
LWL-68108-794,2020-05-26,44494-89923-UW,A-D-0.5,3,17.91,Billings,United States,Yes,Ara,D,0.5,5.97,1.194,0.5373,2020,5,May,1.6119
JQT-14347-517,2019-07-26,11621-09964-ID,R-D-1,1,8.95,Saint Louis,United States,No,Rob,D,1.0,8.95,0.8949999999999999,0.5369999999999999,2019,7,July,0.5369999999999999
BMM-86471-923,2020-10-22,76319-80715-II,L-D-2.5,1,29.785,Independence,United States,Yes,Lib,D,2.5,29.785,1.1913999999999998,3.87205,2020,10,October,3.87205
IXU-67272-326,2020-12-24,91654-79216-IC,E-L-0.5,5,44.55,Greensboro,United States,No,Exc,L,0.5,8.91,1.782,0.9801,2020,12,December,4.9005
ITE-28312-615,2019-09-06,56450-21890-HK,E-L-1,6,89.1,Monroe,United States,Yes,Exc,L,1.0,14.85,1.485,1.6335,2019,9,September,9.801
ZHQ-30471-635,2019-04-08,40600-58915-WZ,L-M-0.5,5,43.650000000000006,Halton,United Kingdom,No,Lib,M,0.5,8.73,1.746,1.1349,2019,4,April,5.6745
LTP-31133-134,2022-01-26,66527-94478-PB,A-L-0.5,3,23.31,Fort Worth,United States,No,Ara,L,0.5,7.77,1.5539999999999998,0.6992999999999999,2022,1,January,2.0979
ZVQ-26122-859,2019-11-28,77154-45038-IH,A-L-2.5,6,178.70999999999998,Fargo,United States,Yes,Ara,L,2.5,29.785,1.1913999999999998,2.6806499999999995,2019,11,November,16.083899999999996
MIU-01481-194,2019-07-21,08439-55669-AI,R-M-1,6,59.7,Garland,United States,Yes,Rob,M,1.0,9.95,0.995,0.597,2019,7,July,3.582
MIU-01481-194,2019-07-21,08439-55669-AI,A-L-0.5,2,15.54,Garland,United States,Yes,Ara,L,0.5,7.77,1.5539999999999998,0.6992999999999999,2019,7,July,1.3985999999999998
UEA-72681-629,2021-03-12,24972-55878-KX,A-L-2.5,3,89.35499999999999,Dallas,United States,No,Ara,L,2.5,29.785,1.1913999999999998,2.6806499999999995,2021,3,March,8.041949999999998
CVE-15042-481,2022-01-01,24972-55878-KX,R-L-1,2,23.9,Dallas,United States,No,Rob,L,1.0,11.95,1.1949999999999998,0.717,2022,1,January,1.434
EJA-79176-833,2020-03-22,91509-62250-GN,R-M-2.5,6,137.31,Birmingham,United Kingdom,No,Rob,M,2.5,22.885,0.9154,1.3730999999999998,2020,3,March,8.238599999999998
AHQ-40440-522,2020-09-18,83833-46106-ZC,A-D-1,1,9.95,Springfield,United States,No,Ara,D,1.0,9.95,0.995,0.8954999999999999,2020,9,September,0.8954999999999999
TID-21626-411,2019-01-03,19383-33606-PW,R-L-0.5,3,21.51,Littleton,United States,No,Rob,L,0.5,7.169999999999999,1.4339999999999995,0.4301999999999999,2019,1,January,1.2905999999999995
RSR-96390-187,2021-09-29,67052-76184-CB,E-M-1,6,82.5,Baltimore,United States,No,Exc,M,1.0,13.75,1.375,1.5125,2021,9,September,9.075
BZE-96093-118,2021-10-19,43452-18035-DH,L-M-0.2,2,8.73,Moycullen,Ireland,No,Lib,M,0.2,4.365,2.1825,0.56745,2021,10,October,1.1349
LOU-41819-242,2022-07-14,88060-50676-MV,R-M-1,2,19.9,Fort Lauderdale,United States,Yes,Rob,M,1.0,9.95,0.995,0.597,2022,7,July,1.194
FND-99527-640,2021-07-19,89574-96203-EP,E-L-0.5,2,17.82,San Diego,United States,Yes,Exc,L,0.5,8.91,1.782,0.9801,2021,7,July,1.9602
ASG-27179-958,2021-12-10,12607-75113-UV,A-M-0.5,3,20.25,Dallas,United States,No,Ara,M,0.5,6.75,1.35,0.6074999999999999,2021,12,December,1.8225
YKX-23510-272,2019-03-17,56991-05510-PR,A-L-2.5,2,59.56999999999999,Joliet,United States,No,Ara,L,2.5,29.785,1.1913999999999998,2.6806499999999995,2019,3,March,5.361299999999999
FSA-98650-921,2020-02-28,01841-48191-NL,L-L-0.5,2,19.02,Dayton,United States,Yes,Lib,L,0.5,9.51,1.902,1.2363,2020,2,February,2.4726
ZUR-55774-294,2020-06-03,33269-10023-CO,L-D-1,6,77.69999999999999,Clearwater,United States,Yes,Lib,D,1.0,12.95,1.295,1.6835,2020,6,June,10.101
FUO-99821-974,2020-02-22,31245-81098-PJ,E-M-1,3,41.25,Minneapolis,United States,No,Exc,M,1.0,13.75,1.375,1.5125,2020,2,February,4.5375
YVH-19865-819,2019-11-09,08946-56610-IH,L-L-2.5,4,145.82,Lawrenceville,United States,No,Lib,L,2.5,36.455,1.4582,4.73915,2019,11,November,18.9566
NNF-47422-501,2020-03-07,20260-32948-EB,E-L-0.2,6,26.73,Malahide,Ireland,No,Exc,L,0.2,4.455,2.2275,0.49005,2020,3,March,2.9403
RJI-71409-490,2021-04-26,31613-41626-KX,L-M-0.5,5,43.650000000000006,Tampa,United States,Yes,Lib,M,0.5,8.73,1.746,1.1349,2021,4,April,5.6745
UZL-46108-213,2021-11-11,75961-20170-RD,L-L-1,2,31.7,Nashville,United States,No,Lib,L,1.0,15.85,1.585,2.0605,2021,11,November,4.121
AOX-44467-109,2021-06-15,72524-06410-KD,A-D-2.5,1,22.885,Miami,United States,No,Ara,D,2.5,22.885,0.9154,2.0596499999999995,2021,6,June,2.0596499999999995
TZD-67261-174,2020-02-27,01841-48191-NL,E-D-2.5,1,27.945,Dayton,United States,Yes,Exc,D,2.5,27.945,1.1178,3.07395,2020,2,February,3.07395
TBU-64277-625,2021-04-19,98918-34330-GY,E-M-1,6,82.5,Chicago,United States,Yes,Exc,M,1.0,13.75,1.375,1.5125,2021,4,April,9.075
TYP-85767-944,2022-07-29,51497-50894-WU,R-M-2.5,2,45.77,Arklow,Ireland,Yes,Rob,M,2.5,22.885,0.9154,1.3730999999999998,2022,7,July,2.7461999999999995
GTT-73214-334,2019-01-20,98636-90072-YE,A-L-1,6,77.69999999999999,Richmond,United States,No,Ara,L,1.0,12.95,1.295,1.1655,2019,1,January,6.993
WAI-89905-069,2022-02-21,47011-57815-HJ,A-L-0.5,3,23.31,Olympia,United States,No,Ara,L,0.5,7.77,1.5539999999999998,0.6992999999999999,2022,2,February,2.0979
OJL-96844-459,2020-05-03,61253-98356-VD,L-L-0.2,5,23.775,Arlington,United States,Yes,Lib,L,0.2,4.755,2.3775,0.61815,2020,5,May,3.09075
VGI-33205-360,2019-03-21,96762-10814-DA,L-M-0.5,6,52.38,Twyford,United Kingdom,Yes,Lib,M,0.5,8.73,1.746,1.1349,2019,3,March,6.8094
PCA-14081-576,2019-06-13,63112-10870-LC,R-L-0.2,5,17.924999999999997,Roanoke,United States,No,Rob,L,0.2,3.5849999999999995,1.7924999999999998,0.2150999999999999,2019,6,June,1.0755
SCS-67069-962,2020-06-05,21403-49423-PD,A-L-2.5,5,148.92499999999998,New Hyde Park,United States,No,Ara,L,2.5,29.785,1.1913999999999998,2.6806499999999995,2020,6,June,13.403249999999998
BDM-03174-485,2019-03-16,29581-13303-VB,R-L-0.5,4,28.68,Anaheim,United States,No,Rob,L,0.5,7.169999999999999,1.4339999999999995,0.4301999999999999,2019,3,March,1.7207999999999997
UJV-32333-364,2021-12-03,86110-83695-YS,L-L-0.5,1,9.51,Lexington,United States,No,Lib,L,0.5,9.51,1.902,1.2363,2021,12,December,1.2363
FLI-11493-954,2022-07-09,80454-42225-FT,A-L-0.5,4,31.08,Tampa,United States,No,Ara,L,0.5,7.77,1.5539999999999998,0.6992999999999999,2022,7,July,2.7972
IWL-13117-537,2020-04-29,29129-60664-KO,R-D-0.2,3,8.055,San Jose,United States,Yes,Rob,D,0.2,2.685,1.3424999999999998,0.1610999999999999,2020,4,April,0.4832999999999999
OAM-76916-748,2022-01-27,63025-62939-AN,E-D-1,3,36.45,Washington,United States,Yes,Exc,D,1.0,12.15,1.215,1.3365,2022,1,January,4.0095
UMB-11223-710,2021-02-13,49012-12987-QT,R-D-0.2,6,16.11,Daingean,Ireland,No,Rob,D,0.2,2.685,1.3424999999999998,0.1610999999999999,2021,2,February,0.9665999999999998
LXR-09892-726,2020-07-13,50924-94200-SQ,R-D-2.5,2,41.17,Olympia,United States,Yes,Rob,D,2.5,20.585,0.8233999999999999,1.2351,2020,7,July,2.4702
QXX-89943-393,2020-03-12,15673-18812-IU,R-D-0.2,4,10.739999999999998,Mesquite,United States,No,Rob,D,0.2,2.685,1.3424999999999998,0.1610999999999999,2020,3,March,0.6443999999999999
WVS-57822-366,2020-05-04,52151-75971-YY,E-M-2.5,4,126.5,Sacramento,United States,No,Exc,M,2.5,31.625,1.265,3.47875,2020,5,May,13.915
CLJ-23403-689,2021-04-03,19413-02045-CG,R-L-1,2,23.9,Newton,United Kingdom,No,Rob,L,1.0,11.95,1.1949999999999998,0.717,2021,4,April,1.434
XNU-83276-288,2022-06-01,98185-92775-KT,R-M-0.5,1,5.97,Monticello,United States,No,Rob,M,0.5,5.97,1.194,0.3581999999999999,2022,6,June,0.3581999999999999
YOG-94666-679,2021-02-14,86991-53901-AT,L-D-0.2,2,7.77,Kinloch,United Kingdom,Yes,Lib,D,0.2,3.885,1.9425,0.50505,2021,2,February,1.0101
KHG-33953-115,2021-12-13,78226-97287-JI,L-D-0.5,3,23.31,Balrothery,Ireland,No,Lib,D,0.5,7.77,1.5539999999999998,1.0101,2021,12,December,3.0303
MHD-95615-696,2020-02-07,27930-59250-JT,R-L-2.5,5,137.42499999999998,Houston,United States,No,Rob,L,2.5,27.485,1.0994,1.6490999999999998,2020,2,February,8.2455
HBH-64794-080,2021-02-08,40560-18556-YE,R-D-0.2,3,8.055,El Paso,United States,Yes,Rob,D,0.2,2.685,1.3424999999999998,0.1610999999999999,2021,2,February,0.4832999999999999
CNJ-56058-223,2020-08-11,40780-22081-LX,L-L-0.5,3,28.53,Largo,United States,No,Lib,L,0.5,9.51,1.902,1.2363,2020,8,August,3.7089
KHO-27106-786,2020-10-10,01603-43789-TN,A-M-1,6,67.5,Foxrock,Ireland,Yes,Ara,M,1.0,11.25,1.125,1.0125,2020,10,October,6.074999999999999
KHO-27106-786,2020-10-10,01603-43789-TN,L-D-2.5,6,178.70999999999998,Foxrock,Ireland,Yes,Lib,D,2.5,29.785,1.1913999999999998,3.87205,2020,10,October,23.2323
YAC-50329-982,2020-12-08,75419-92838-TI,E-M-2.5,1,31.625,Oklahoma City,United States,Yes,Exc,M,2.5,31.625,1.265,3.47875,2020,12,December,3.47875
VVL-95291-039,2019-04-18,96516-97464-MF,E-L-0.2,2,8.91,Washington,United States,No,Exc,L,0.2,4.455,2.2275,0.49005,2019,4,April,0.9801
VUT-20974-364,2021-01-04,90285-56295-PO,R-M-0.5,6,35.82,Atlanta,United States,No,Rob,M,0.5,5.97,1.194,0.3581999999999999,2021,1,January,2.1492
SFC-34054-213,2019-03-10,08100-71102-HQ,L-L-0.5,4,38.04,Castlebridge,Ireland,No,Lib,L,0.5,9.51,1.902,1.2363,2019,3,March,4.9452
UDS-04807-593,2019-11-29,84074-28110-OV,L-D-0.5,2,15.54,Buffalo,United States,No,Lib,D,0.5,7.77,1.5539999999999998,1.0101,2019,11,November,2.0202
FWE-98471-488,2022-07-19,27930-59250-JT,L-L-1,5,79.25,Houston,United States,No,Lib,L,1.0,15.85,1.585,2.0605,2022,7,July,10.302500000000002
RAU-17060-674,2020-06-26,12747-63766-EU,L-L-0.2,1,4.755,Washington,United States,Yes,Lib,L,0.2,4.755,2.3775,0.61815,2020,6,June,0.61815
AOL-13866-711,2019-02-14,83490-88357-LJ,E-M-1,4,55.0,Austin,United States,Yes,Exc,M,1.0,13.75,1.375,1.5125,2019,2,February,6.05
NOA-79645-377,2020-11-09,53729-30320-XZ,R-D-0.5,5,26.849999999999994,Mesa,United States,No,Rob,D,0.5,5.369999999999999,1.0739999999999998,0.3221999999999999,2020,11,November,1.6109999999999998
KMS-49214-806,2019-04-30,50384-52703-LA,E-L-2.5,4,136.61999999999998,Savannah,United States,No,Exc,L,2.5,34.154999999999994,1.3662,3.75705,2019,4,April,15.028199999999998
ABK-08091-531,2020-10-30,53864-36201-FG,L-L-1,3,47.55,Albuquerque,United States,Yes,Lib,L,1.0,15.85,1.585,2.0605,2020,10,October,6.181500000000001
GPT-67705-953,2019-11-12,70631-33225-MZ,A-M-0.2,5,16.875,Charlotte,United States,Yes,Ara,M,0.2,3.375,1.6875,0.3037499999999999,2019,11,November,1.5187499999999998
JNA-21450-177,2022-02-11,54798-14109-HC,A-D-1,3,29.85,Oklahoma City,United States,Yes,Ara,D,1.0,9.95,0.995,0.8954999999999999,2022,2,February,2.6865
MPQ-23421-608,2021-03-28,08023-52962-ET,E-M-0.5,5,41.25,Pensacola,United States,Yes,Exc,M,0.5,8.25,1.65,0.9075,2021,3,March,4.5375
NLI-63891-565,2021-12-10,41899-00283-VK,E-M-0.2,5,20.625,Washington,United States,No,Exc,M,0.2,4.125,2.0625,0.45375,2021,12,December,2.26875
HHF-36647-854,2021-11-05,39011-18412-GR,A-D-2.5,6,137.31,Port Saint Lucie,United States,Yes,Ara,D,2.5,22.885,0.9154,2.0596499999999995,2021,11,November,12.357899999999995
SBN-16537-046,2020-02-29,60255-12579-PZ,A-D-0.2,1,2.985,Huntington,United States,No,Ara,D,0.2,2.985,1.4925,0.26865,2020,2,February,0.26865
XZD-44484-632,2021-08-06,80541-38332-BP,E-M-1,2,27.5,Philadelphia,United States,No,Exc,M,1.0,13.75,1.375,1.5125,2021,8,August,3.025
XZD-44484-632,2021-08-06,80541-38332-BP,A-D-0.2,2,5.97,Philadelphia,United States,No,Ara,D,0.2,2.985,1.4925,0.26865,2021,8,August,0.5373
IKQ-39946-768,2021-03-19,72778-50968-UQ,R-M-1,6,59.7,Naples,United States,No,Rob,M,1.0,9.95,0.995,0.597,2021,3,March,3.582
KMB-95211-174,2021-04-16,23941-30203-MO,R-D-2.5,4,82.33999999999999,Fort Worth,United States,Yes,Rob,D,2.5,20.585,0.8233999999999999,1.2351,2021,4,April,4.9404
QWY-99467-368,2020-11-06,96434-50068-DZ,A-D-2.5,1,22.885,Omaha,United States,No,Ara,D,2.5,22.885,0.9154,2.0596499999999995,2020,11,November,2.0596499999999995
SRG-76791-614,2021-03-15,11729-74102-XB,E-L-0.5,1,8.91,Tucson,United States,Yes,Exc,L,0.5,8.91,1.782,0.9801,2021,3,March,0.9801
VSN-94485-621,2021-10-17,88116-12604-TE,A-D-0.2,4,11.94,Sparks,United States,No,Ara,D,0.2,2.985,1.4925,0.26865,2021,10,October,1.0746
UFZ-24348-219,2019-09-07,27930-59250-JT,L-M-2.5,3,100.39499999999998,Houston,United States,No,Lib,M,2.5,33.465,1.3385999999999998,4.35045,2019,9,September,13.05135
UKS-93055-397,2022-07-13,13082-41034-PD,A-D-2.5,5,114.42499999999998,Washington,United States,No,Ara,D,2.5,22.885,0.9154,2.0596499999999995,2022,7,July,10.298249999999998
AVH-56062-335,2021-11-21,18082-74419-QH,E-M-0.5,5,41.25,Salinas,United States,No,Exc,M,0.5,8.25,1.65,0.9075,2021,11,November,4.5375
HGE-19842-613,2022-01-13,49401-45041-ZU,R-L-0.5,4,28.68,Fort Lauderdale,United States,Yes,Rob,L,0.5,7.169999999999999,1.4339999999999995,0.4301999999999999,2022,1,January,1.7207999999999997
WBA-85905-175,2022-07-13,41252-45992-VS,L-M-0.2,1,4.365,El Paso,United States,No,Lib,M,0.2,4.365,2.1825,0.56745,2022,7,July,0.56745
DZI-35365-596,2021-11-02,54798-14109-HC,E-M-0.2,2,8.25,Oklahoma City,United States,Yes,Exc,M,0.2,4.125,2.0625,0.45375,2021,11,November,0.9075
XIR-88982-743,2021-07-10,00852-54571-WP,E-M-0.2,2,8.25,Alexandria,United States,Yes,Exc,M,0.2,4.125,2.0625,0.45375,2021,7,July,0.9075
VUC-72395-865,2021-10-07,13321-57602-GK,A-D-0.5,6,35.82,Baltimore,United States,Yes,Ara,D,0.5,5.97,1.194,0.5373,2021,10,October,3.2238
BQJ-44755-910,2020-02-28,75006-89922-VW,E-D-2.5,6,167.67000000000002,Evansville,United States,No,Exc,D,2.5,27.945,1.1178,3.07395,2020,2,February,18.4437
JKC-64636-831,2022-07-05,52098-80103-FD,A-M-2.5,2,51.74999999999999,Lawrenceville,United States,Yes,Ara,M,2.5,25.875,1.035,2.3287499999999994,2022,7,July,4.657499999999999
ZKI-78561-066,2021-09-21,60121-12432-VU,A-D-0.2,3,8.955,Mobile,United States,Yes,Ara,D,0.2,2.985,1.4925,0.26865,2021,9,September,0.8059499999999999
IMP-12563-728,2019-01-03,68346-14810-UA,E-L-0.5,6,53.46,Midland,United States,No,Exc,L,0.5,8.91,1.782,0.9801,2019,1,January,5.880599999999999
MZL-81126-390,2022-03-08,48464-99723-HK,A-L-0.2,6,23.31,Hollywood,United States,Yes,Ara,L,0.2,3.885,1.9425,0.3496499999999999,2022,3,March,2.0979
MZL-81126-390,2022-03-08,48464-99723-HK,A-M-0.2,2,6.75,Hollywood,United States,Yes,Ara,M,0.2,3.375,1.6875,0.3037499999999999,2022,3,March,0.6074999999999999
TVF-57766-608,2020-03-10,88420-46464-XE,L-D-0.5,1,7.77,Chico,United States,Yes,Lib,D,0.5,7.77,1.5539999999999998,1.0101,2020,3,March,1.0101
RUX-37995-892,2021-11-27,37762-09530-MP,L-D-2.5,4,119.14,Austin,United States,Yes,Lib,D,2.5,29.785,1.1913999999999998,3.87205,2021,11,November,15.4882
AVK-76526-953,2021-03-04,47268-50127-XY,A-D-1,2,19.9,El Paso,United States,No,Ara,D,1.0,9.95,0.995,0.8954999999999999,2021,3,March,1.7909999999999997
RIU-02231-623,2021-11-16,25544-84179-QC,R-L-0.5,5,35.849999999999994,Charleston,United States,Yes,Rob,L,0.5,7.169999999999999,1.4339999999999995,0.4301999999999999,2021,11,November,2.151
WFK-99317-827,2019-06-16,32058-76765-ZL,L-D-2.5,3,89.35499999999999,Allentown,United States,No,Lib,D,2.5,29.785,1.1913999999999998,3.87205,2019,6,June,11.61615
SFD-00372-284,2020-07-19,54798-14109-HC,L-M-0.2,2,8.73,Oklahoma City,United States,Yes,Lib,M,0.2,4.365,2.1825,0.56745,2020,7,July,1.1349
SXC-62166-515,2020-02-28,69171-65646-UC,R-L-2.5,5,137.42499999999998,Largo,United States,No,Rob,L,2.5,27.485,1.0994,1.6490999999999998,2020,2,February,8.2455
YIE-87008-621,2019-06-22,22503-52799-MI,L-M-0.5,4,34.92,Fargo,United States,No,Lib,M,0.5,8.73,1.746,1.1349,2019,6,June,4.5396
HRM-94548-288,2019-09-08,08934-65581-ZI,A-L-2.5,6,178.70999999999998,Fort Smith,United States,No,Ara,L,2.5,29.785,1.1913999999999998,2.6806499999999995,2019,9,September,16.083899999999996
UJG-34731-295,2022-05-26,15764-22559-ZT,A-M-2.5,1,25.875,Lakeland,United States,No,Ara,M,2.5,25.875,1.035,2.3287499999999994,2022,5,May,2.3287499999999994
TWD-70988-853,2019-12-03,87519-68847-ZG,L-D-1,6,77.69999999999999,Knoxville,United States,Yes,Lib,D,1.0,12.95,1.295,1.6835,2019,12,December,10.101
CIX-22904-641,2019-09-17,78012-56878-UB,R-M-1,1,9.95,Los Angeles,United States,Yes,Rob,M,1.0,9.95,0.995,0.597,2019,9,September,0.597
DLV-65840-759,2022-05-31,77192-72145-RG,L-M-1,2,29.1,Miami,United States,Yes,Lib,M,1.0,14.55,1.455,1.8915,2022,5,May,3.783
RXN-55491-201,2019-10-21,86071-79238-CX,R-L-0.2,6,21.51,Clones,Ireland,No,Rob,L,0.2,3.5849999999999995,1.7924999999999998,0.2150999999999999,2019,10,October,1.2905999999999995
UHK-63283-868,2022-04-24,16809-16936-WF,A-M-0.5,1,6.75,Charleston,United States,Yes,Ara,M,0.5,6.75,1.35,0.6074999999999999,2022,4,April,0.6074999999999999
PJC-31401-893,2021-01-13,11212-69985-ZJ,A-D-0.5,3,17.91,Greystones,Ireland,No,Ara,D,0.5,5.97,1.194,0.5373,2021,1,January,1.6119
HHO-79903-185,2022-08-19,53893-01719-CL,A-L-2.5,1,29.785,Monaghan,Ireland,Yes,Ara,L,2.5,29.785,1.1913999999999998,2.6806499999999995,2022,8,August,2.6806499999999995
YWM-07310-594,2019-03-02,66028-99867-WJ,E-M-0.5,5,41.25,Pompano Beach,United States,Yes,Exc,M,0.5,8.25,1.65,0.9075,2019,3,March,4.5375
FHD-94983-982,2020-01-21,62839-56723-CH,R-M-0.5,3,17.91,Sacramento,United States,Yes,Rob,M,0.5,5.97,1.194,0.3581999999999999,2020,1,January,1.0745999999999998
WQK-10857-119,2021-09-21,96849-52854-CR,E-D-0.5,1,7.29,Clonskeagh,Ireland,Yes,Exc,D,0.5,7.29,1.458,0.8019000000000001,2021,9,September,0.8019000000000001
DXA-50313-073,2019-08-30,19755-55847-VW,E-L-1,2,29.7,Kirkton,United Kingdom,Yes,Exc,L,1.0,14.85,1.485,1.6335,2019,8,August,3.267
ONW-00560-570,2019-02-25,32900-82606-BO,A-M-1,2,22.5,Asheville,United States,No,Ara,M,1.0,11.25,1.125,1.0125,2019,2,February,2.025
BRJ-19414-277,2019-09-17,16809-16936-WF,R-M-0.2,4,11.94,Charleston,United States,Yes,Rob,M,0.2,2.985,1.4925,0.1790999999999999,2019,9,September,0.7163999999999999
MIQ-16322-908,2019-08-03,20118-28138-QD,A-L-1,2,25.9,Houston,United States,No,Ara,L,1.0,12.95,1.295,1.1655,2019,8,August,2.331
MVO-39328-830,2021-02-26,84057-45461-AH,L-M-0.5,5,43.650000000000006,Confey,Ireland,No,Lib,M,0.5,8.73,1.746,1.1349,2021,2,February,5.6745
MVO-39328-830,2021-02-26,84057-45461-AH,A-L-0.5,6,46.62,Confey,Ireland,No,Ara,L,0.5,7.77,1.5539999999999998,0.6992999999999999,2021,2,February,4.195799999999999
NTJ-88319-746,2021-08-03,90882-88130-KQ,L-L-0.5,3,28.53,Newark,United States,No,Lib,L,0.5,9.51,1.902,1.2363,2021,8,August,3.7089
LCY-24377-948,2021-05-07,21617-79890-DD,R-L-2.5,1,27.485,Seattle,United States,Yes,Rob,L,2.5,27.485,1.0994,1.6490999999999998,2021,5,May,1.6490999999999998
FWD-85967-769,2019-06-14,20256-54689-LO,E-D-0.2,3,10.935,Englewood,United States,No,Exc,D,0.2,3.645,1.8225,0.40095,2019,6,June,1.2028500000000002
KTO-53793-109,2019-11-21,17572-27091-AA,R-L-0.2,2,7.169999999999999,Rockford,United States,No,Rob,L,0.2,3.5849999999999995,1.7924999999999998,0.2150999999999999,2019,11,November,0.4301999999999999
OCK-89033-348,2021-03-31,82300-88786-UE,A-L-0.2,6,23.31,Billings,United States,Yes,Ara,L,0.2,3.885,1.9425,0.3496499999999999,2021,3,March,2.0979
GPZ-36017-366,2019-07-01,65732-22589-OW,A-D-2.5,5,114.42499999999998,Denver,United States,Yes,Ara,D,2.5,22.885,0.9154,2.0596499999999995,2019,7,July,10.298249999999998
BZP-33213-637,2020-05-05,77175-09826-SF,A-M-2.5,3,77.62499999999999,Tulsa,United States,Yes,Ara,M,2.5,25.875,1.035,2.3287499999999994,2020,5,May,6.986249999999998
WFH-21507-708,2020-04-20,07237-32539-NB,R-D-0.5,1,5.369999999999999,Fresno,United States,Yes,Rob,D,0.5,5.369999999999999,1.0739999999999998,0.3221999999999999,2020,4,April,0.3221999999999999
HST-96923-073,2019-07-18,54722-76431-EX,R-D-2.5,6,123.51,Mullagh,Ireland,No,Rob,D,2.5,20.585,0.8233999999999999,1.2351,2019,7,July,7.410599999999999
ENN-79947-323,2021-11-18,67847-82662-TE,L-M-0.5,2,17.46,San Francisco,United States,No,Lib,M,0.5,8.73,1.746,1.1349,2021,11,November,2.2698
BHA-47429-889,2020-06-20,51114-51191-EW,E-L-0.2,3,13.365,Mobile,United States,No,Exc,L,0.2,4.455,2.2275,0.49005,2020,6,June,1.4701499999999998
SZY-63017-318,2021-04-06,91809-58808-TV,A-L-0.2,2,7.77,San Francisco,United States,Yes,Ara,L,0.2,3.885,1.9425,0.3496499999999999,2021,4,April,0.6992999999999999
LCU-93317-340,2019-06-17,84996-26826-DK,R-D-0.2,1,2.685,Jamaica,United States,Yes,Rob,D,0.2,2.685,1.3424999999999998,0.1610999999999999,2019,6,June,0.1610999999999999
UOM-71431-481,2022-03-26,65732-22589-OW,R-D-2.5,1,20.585,Denver,United States,Yes,Rob,D,2.5,20.585,0.8233999999999999,1.2351,2022,3,March,1.2351
PJH-42618-877,2021-09-30,93676-95250-XJ,A-D-2.5,5,114.42499999999998,San Diego,United States,Yes,Ara,D,2.5,22.885,0.9154,2.0596499999999995,2021,9,September,10.298249999999998
XED-90333-402,2019-06-19,28300-14355-GF,E-M-0.2,5,20.625,Preston,United Kingdom,No,Exc,M,0.2,4.125,2.0625,0.45375,2019,6,June,2.26875
IKK-62234-199,2022-03-31,91190-84826-IQ,L-L-0.5,6,57.06,Pittsburgh,United States,Yes,Lib,L,0.5,9.51,1.902,1.2363,2022,3,March,7.4178
KAW-95195-329,2020-07-04,34570-99384-AF,R-D-2.5,4,82.33999999999999,Cavan,Ireland,Yes,Rob,D,2.5,20.585,0.8233999999999999,1.2351,2020,7,July,4.9404
QDO-57268-842,2021-11-21,57808-90533-UE,E-M-2.5,5,158.12499999999997,New York City,United States,No,Exc,M,2.5,31.625,1.265,3.47875,2021,11,November,17.393749999999997
IIZ-24416-212,2021-05-31,76060-30540-LB,R-D-0.5,6,32.22,Seattle,United States,Yes,Rob,D,0.5,5.369999999999999,1.0739999999999998,0.3221999999999999,2021,5,May,1.9332
AWP-11469-510,2020-04-11,76730-63769-ND,E-D-1,2,24.3,Birmingham,United Kingdom,No,Exc,D,1.0,12.15,1.215,1.3365,2020,4,April,2.673
KXA-27983-918,2020-09-15,96042-27290-EQ,R-L-0.5,5,35.849999999999994,Battle Creek,United States,No,Rob,L,0.5,7.169999999999999,1.4339999999999995,0.4301999999999999,2020,9,September,2.151
VKQ-39009-292,2021-11-23,57808-90533-UE,L-M-1,5,72.75,New York City,United States,No,Lib,M,1.0,14.55,1.455,1.8915,2021,11,November,9.4575
PDB-98743-282,2022-01-23,51940-02669-OR,L-L-1,3,47.55,Ballymun,Ireland,No,Lib,L,1.0,15.85,1.585,2.0605,2022,1,January,6.181500000000001
SXW-34014-556,2021-01-27,99144-98314-GN,R-L-0.2,1,3.5849999999999995,Houston,United States,Yes,Rob,L,0.2,3.5849999999999995,1.7924999999999998,0.2150999999999999,2021,1,January,0.2150999999999999
QOJ-38788-727,2019-06-24,16358-63919-CE,E-M-2.5,5,158.12499999999997,Cincinnati,United States,No,Exc,M,2.5,31.625,1.265,3.47875,2019,6,June,17.393749999999997
TGF-38649-658,2020-03-15,67743-54817-UT,L-M-0.5,2,17.46,Fresno,United States,No,Lib,M,0.5,8.73,1.746,1.1349,2020,3,March,2.2698
EAI-25194-209,2021-09-24,44601-51441-BH,A-L-2.5,5,148.92499999999998,Saint Paul,United States,No,Ara,L,2.5,29.785,1.1913999999999998,2.6806499999999995,2021,9,September,13.403249999999998
IJK-34441-720,2019-04-05,97201-58870-WB,A-M-0.5,6,40.5,El Paso,United States,Yes,Ara,M,0.5,6.75,1.35,0.6074999999999999,2019,4,April,3.645
ZMC-00336-619,2022-01-27,19849-12926-QF,A-M-0.5,4,27.0,Des Moines,United States,Yes,Ara,M,0.5,6.75,1.35,0.6074999999999999,2022,1,January,2.43
UPX-54529-618,2021-09-10,40535-56770-UM,L-D-1,3,38.85,Portland,United States,No,Lib,D,1.0,12.95,1.295,1.6835,2021,9,September,5.0505
DLX-01059-899,2020-01-06,74940-09646-MU,R-L-1,5,59.75,Houston,United States,No,Rob,L,1.0,11.95,1.1949999999999998,0.717,2020,1,January,3.585
MEK-85120-243,2022-03-15,06623-54610-HC,R-L-0.2,3,10.755,Durham,United States,No,Rob,L,0.2,3.5849999999999995,1.7924999999999998,0.2150999999999999,2022,3,March,0.6452999999999999
NFI-37188-246,2021-09-08,89490-75361-AF,A-D-2.5,4,91.54,Boston,United States,No,Ara,D,2.5,22.885,0.9154,2.0596499999999995,2021,9,September,8.238599999999998
BXH-62195-013,2021-11-11,94526-79230-GZ,A-M-1,4,45.0,Washington,United States,Yes,Ara,M,1.0,11.25,1.125,1.0125,2021,11,November,4.05
YLK-78851-470,2019-09-18,58559-08254-UY,R-M-2.5,6,137.31,Albany,United States,Yes,Rob,M,2.5,22.885,0.9154,1.3730999999999998,2019,9,September,8.238599999999998
DXY-76225-633,2021-07-29,88574-37083-WX,A-M-0.5,1,6.75,Tucson,United States,No,Ara,M,0.5,6.75,1.35,0.6074999999999999,2021,7,July,0.6074999999999999
UHP-24614-199,2022-03-20,67953-79896-AC,A-M-1,4,45.0,Montgomery,United States,No,Ara,M,1.0,11.25,1.125,1.0125,2022,3,March,4.05
HBY-35655-049,2020-05-04,69207-93422-CQ,E-D-2.5,3,83.83500000000001,Fairbanks,United States,Yes,Exc,D,2.5,27.945,1.1178,3.07395,2020,5,May,9.22185
DCE-22886-861,2021-04-05,56060-17602-RG,E-D-0.2,1,3.645,Monasterevin,Ireland,Yes,Exc,D,0.2,3.645,1.8225,0.40095,2021,4,April,0.40095
QTG-93823-843,2022-01-12,46859-14212-FI,A-M-0.5,1,6.75,Norton,United Kingdom,No,Ara,M,0.5,6.75,1.35,0.6074999999999999,2022,1,January,0.6074999999999999
QTG-93823-843,2022-01-12,46859-14212-FI,E-D-0.5,3,21.87,Norton,United Kingdom,No,Exc,D,0.5,7.29,1.458,0.8019000000000001,2022,1,January,2.4057000000000004
WFT-16178-396,2020-12-16,33555-01585-RP,R-D-0.2,5,13.424999999999995,Lexington,United States,Yes,Rob,D,0.2,2.685,1.3424999999999998,0.1610999999999999,2020,12,December,0.8054999999999999
ERC-54560-934,2022-05-30,11932-85629-CU,R-D-2.5,6,123.51,Grand Rapids,United States,No,Rob,D,2.5,20.585,0.8233999999999999,1.2351,2022,5,May,7.410599999999999
RUK-78200-416,2021-11-09,36192-07175-XC,L-D-0.2,2,7.77,Des Moines,United States,No,Lib,D,0.2,3.885,1.9425,0.50505,2021,11,November,1.0101
KHK-13105-388,2022-04-08,46242-54946-ZW,A-M-1,6,67.5,Wilmington,United States,Yes,Ara,M,1.0,11.25,1.125,1.0125,2022,4,April,6.074999999999999
NJR-03699-189,2019-10-08,95152-82155-VQ,E-D-2.5,1,27.945,Austin,United States,No,Exc,D,2.5,27.945,1.1178,3.07395,2019,10,October,3.07395
PJV-20427-019,2021-09-12,13404-39127-WQ,A-L-2.5,3,89.35499999999999,Orlando,United States,No,Ara,L,2.5,29.785,1.1913999999999998,2.6806499999999995,2021,9,September,8.041949999999998
UGK-07613-982,2022-07-28,57808-90533-UE,A-M-0.5,3,20.25,New York City,United States,No,Ara,M,0.5,6.75,1.35,0.6074999999999999,2022,7,July,1.8225
OLA-68289-577,2020-06-30,40226-52317-IO,A-M-0.5,5,33.75,Washington,United States,Yes,Ara,M,0.5,6.75,1.35,0.6074999999999999,2020,6,June,3.0375
TNR-84447-052,2019-01-09,34419-18068-AG,E-D-2.5,4,111.78,Portland,United States,No,Exc,D,2.5,27.945,1.1178,3.07395,2019,1,January,12.2958
FBZ-64200-586,2022-07-12,51738-61457-RS,E-M-2.5,2,63.24999999999999,New York City,United States,Yes,Exc,M,2.5,31.625,1.265,3.47875,2022,7,July,6.9575
OBN-66334-505,2020-11-30,86757-52367-ON,E-L-0.2,2,8.91,Washington,United States,Yes,Exc,L,0.2,4.455,2.2275,0.49005,2020,11,November,0.9801
NXM-89323-646,2019-03-22,28158-93383-CK,E-D-1,1,12.15,Washington,United States,Yes,Exc,D,1.0,12.15,1.215,1.3365,2019,3,March,1.3365
NHI-23264-055,2022-02-15,44799-09711-XW,A-D-0.5,4,23.88,Allentown,United States,Yes,Ara,D,0.5,5.97,1.194,0.5373,2022,2,February,2.1492
EQH-53569-934,2020-10-13,53667-91553-LT,E-M-1,4,55.0,Miami,United States,No,Exc,M,1.0,13.75,1.375,1.5125,2020,10,October,6.05
XKK-06692-189,2021-12-27,86579-92122-OC,R-D-1,3,26.85,Oklahoma City,United States,Yes,Rob,D,1.0,8.95,0.8949999999999999,0.5369999999999999,2021,12,December,1.6109999999999998
BYP-16005-016,2021-08-01,01474-63436-TP,R-M-2.5,5,114.42499999999998,Rockford,United States,No,Rob,M,2.5,22.885,0.9154,1.3730999999999998,2021,8,August,6.865499999999999
LWS-13938-905,2020-11-18,90533-82440-EE,A-M-2.5,6,155.24999999999997,Montgomery,United States,Yes,Ara,M,2.5,25.875,1.035,2.3287499999999994,2020,11,November,13.972499999999997
OLH-95722-362,2021-10-24,48553-69225-VX,L-D-0.5,3,23.31,Pasadena,United States,Yes,Lib,D,0.5,7.77,1.5539999999999998,1.0101,2021,10,October,3.0303
OLH-95722-362,2021-10-24,48553-69225-VX,R-M-2.5,4,91.54,Pasadena,United States,Yes,Rob,M,2.5,22.885,0.9154,1.3730999999999998,2021,10,October,5.492399999999999
KCW-50949-318,2019-12-30,52374-27313-IV,E-L-1,5,74.25,Houston,United States,Yes,Exc,L,1.0,14.85,1.485,1.6335,2019,12,December,8.1675
JGZ-16947-591,2021-02-02,14264-41252-SL,L-L-0.2,6,28.53,Muskegon,United States,No,Lib,L,0.2,4.755,2.3775,0.61815,2021,2,February,3.7089
LXS-63326-144,2021-05-16,35367-50483-AR,R-L-0.5,2,14.339999999999998,Washington,United States,Yes,Rob,L,0.5,7.169999999999999,1.4339999999999995,0.4301999999999999,2021,5,May,0.8603999999999998
CZG-86544-655,2022-04-23,69443-77665-QW,A-L-0.5,2,15.54,Sallins,Ireland,Yes,Ara,L,0.5,7.77,1.5539999999999998,0.6992999999999999,2022,4,April,1.3985999999999998
WFV-88138-247,2021-09-25,63411-51758-QC,R-L-1,3,35.849999999999994,Macon,United States,No,Rob,L,1.0,11.95,1.1949999999999998,0.717,2021,9,September,2.151
RFG-28227-288,2022-06-07,68605-21835-UF,A-L-0.5,6,46.62,Shreveport,United States,No,Ara,L,0.5,7.77,1.5539999999999998,0.6992999999999999,2022,6,June,4.195799999999999
QAK-77286-758,2020-08-11,34786-30419-XY,R-L-0.5,5,35.849999999999994,Tacoma,United States,No,Rob,L,0.5,7.169999999999999,1.4339999999999995,0.4301999999999999,2020,8,August,2.151
CZD-56716-840,2019-02-28,15456-29250-RU,L-D-2.5,4,119.14,El Paso,United States,No,Lib,D,2.5,29.785,1.1913999999999998,3.87205,2019,2,February,15.4882
UBI-59229-277,2019-09-11,00886-35803-FG,L-D-0.5,3,23.31,Birmingham,United States,No,Lib,D,0.5,7.77,1.5539999999999998,1.0101,2019,9,September,3.0303
WJJ-37489-898,2021-04-08,31599-82152-AD,A-M-1,1,11.25,Portumna,Ireland,No,Ara,M,1.0,11.25,1.125,1.0125,2021,4,April,1.0125
ORX-57454-917,2021-09-06,76209-39601-ZR,E-D-2.5,3,83.83500000000001,London,United Kingdom,Yes,Exc,D,2.5,27.945,1.1178,3.07395,2021,9,September,9.22185
GRB-68838-629,2021-09-10,15064-65241-HB,R-L-2.5,4,109.93999999999998,Castlemartyr,Ireland,No,Rob,L,2.5,27.485,1.0994,1.6490999999999998,2021,9,September,6.596399999999999
SHT-04865-419,2022-05-22,69215-90789-DL,R-L-0.2,4,14.339999999999998,Wilmington,United States,Yes,Rob,L,0.2,3.5849999999999995,1.7924999999999998,0.2150999999999999,2022,5,May,0.8603999999999998
UQI-28177-865,2020-09-18,04317-46176-TB,R-L-0.2,6,21.51,Harrisburg,United States,No,Rob,L,0.2,3.5849999999999995,1.7924999999999998,0.2150999999999999,2020,9,September,1.2905999999999995
OIB-13664-879,2021-08-31,04713-57765-KR,A-M-1,2,22.5,Sallins,Ireland,Yes,Ara,M,1.0,11.25,1.125,1.0125,2021,8,August,2.025
PJS-30996-485,2022-01-21,86579-92122-OC,A-L-0.2,1,3.885,Oklahoma City,United States,Yes,Ara,L,0.2,3.885,1.9425,0.3496499999999999,2022,1,January,0.3496499999999999
HEL-86709-449,2022-06-10,86579-92122-OC,E-D-2.5,1,27.945,Oklahoma City,United States,Yes,Exc,D,2.5,27.945,1.1178,3.07395,2022,6,June,3.07395
NCH-55389-562,2019-04-27,86579-92122-OC,E-L-2.5,5,170.77499999999998,Oklahoma City,United States,Yes,Exc,L,2.5,34.154999999999994,1.3662,3.75705,2019,4,April,18.78525
NCH-55389-562,2019-04-27,86579-92122-OC,R-L-2.5,2,54.96999999999999,Oklahoma City,United States,Yes,Rob,L,2.5,27.485,1.0994,1.6490999999999998,2019,4,April,3.2982
NCH-55389-562,2019-04-27,86579-92122-OC,E-L-1,1,14.85,Oklahoma City,United States,Yes,Exc,L,1.0,14.85,1.485,1.6335,2019,4,April,1.6335
NCH-55389-562,2019-04-27,86579-92122-OC,A-L-0.2,2,7.77,Oklahoma City,United States,Yes,Ara,L,0.2,3.885,1.9425,0.3496499999999999,2019,4,April,0.6992999999999999
GUG-45603-775,2022-02-06,40959-32642-DN,L-L-0.2,5,23.775,Little Rock,United States,Yes,Lib,L,0.2,4.755,2.3775,0.61815,2022,2,February,3.09075
KJB-98240-098,2022-01-30,77746-08153-PM,L-L-1,5,79.25,Hagerstown,United States,Yes,Lib,L,1.0,15.85,1.585,2.0605,2022,1,January,10.302500000000002
JMS-48374-462,2020-11-23,49667-96708-JL,A-D-2.5,2,45.77,Albany,United States,Yes,Ara,D,2.5,22.885,0.9154,2.0596499999999995,2020,11,November,4.119299999999999
YIT-15877-117,2022-04-13,24155-79322-EQ,R-D-1,1,8.95,Crossmolina,Ireland,Yes,Rob,D,1.0,8.95,0.8949999999999999,0.5369999999999999,2022,4,April,0.5369999999999999
YVK-82679-655,2021-01-07,95342-88311-SF,R-M-0.5,4,23.88,Lexington,United States,Yes,Rob,M,0.5,5.97,1.194,0.3581999999999999,2021,1,January,1.4328
TYH-81940-054,2020-02-04,69374-08133-RI,E-L-0.2,5,22.275,San Diego,United States,No,Exc,L,0.2,4.455,2.2275,0.49005,2020,2,February,2.45025
HTY-30660-254,2019-09-16,83844-95908-RX,R-M-1,3,29.85,Los Angeles,United States,Yes,Rob,M,1.0,9.95,0.995,0.597,2019,9,September,1.791
GPW-43956-761,2019-01-26,09667-09231-YM,E-L-0.5,6,53.46,Brooklyn,United States,Yes,Exc,L,0.5,8.91,1.782,0.9801,2019,1,January,5.880599999999999
DWY-56352-412,2021-02-19,55427-08059-DF,R-D-0.2,1,2.685,Booterstown,Ireland,Yes,Rob,D,0.2,2.685,1.3424999999999998,0.1610999999999999,2021,2,February,0.1610999999999999
PUH-55647-976,2022-03-22,06624-54037-BQ,R-M-0.2,2,5.97,Gainesville,United States,No,Rob,M,0.2,2.985,1.4925,0.1790999999999999,2022,3,March,0.3581999999999999
DTB-71371-705,2019-07-03,48544-90737-AZ,L-D-1,1,12.95,Clearwater,United States,Yes,Lib,D,1.0,12.95,1.295,1.6835,2019,7,July,1.6835
ZDC-64769-740,2019-09-21,79463-01597-FQ,E-M-0.5,1,8.25,Amarillo,United States,No,Exc,M,0.5,8.25,1.65,0.9075,2019,9,September,0.9075
TED-81959-419,2019-08-26,27702-50024-XC,A-L-2.5,5,148.92499999999998,Fort Worth,United States,No,Ara,L,2.5,29.785,1.1913999999999998,2.6806499999999995,2019,8,August,13.403249999999998
FDO-25756-141,2021-08-03,57360-46846-NS,A-L-2.5,3,89.35499999999999,Lusk,Ireland,Yes,Ara,L,2.5,29.785,1.1913999999999998,2.6806499999999995,2021,8,August,8.041949999999998
HKN-31467-517,2021-10-24,84045-66771-SL,L-M-1,6,87.30000000000001,Pensacola,United States,No,Lib,M,1.0,14.55,1.455,1.8915,2021,10,October,11.349
POF-29666-012,2019-04-01,46885-00260-TL,R-D-0.5,1,5.369999999999999,Tacoma,United States,Yes,Rob,D,0.5,5.369999999999999,1.0739999999999998,0.3221999999999999,2019,4,April,0.3221999999999999
IRX-59256-644,2021-12-08,96446-62142-EN,A-D-0.2,3,8.955,Rathnew,Ireland,Yes,Ara,D,0.2,2.985,1.4925,0.26865,2021,12,December,0.8059499999999999
LTN-89139-350,2019-06-27,07756-71018-GU,R-L-2.5,5,137.42499999999998,Fort Wayne,United States,Yes,Rob,L,2.5,27.485,1.0994,1.6490999999999998,2019,6,June,8.2455
TXF-79780-017,2020-07-14,92048-47813-QB,R-L-1,5,59.75,Amarillo,United States,No,Rob,L,1.0,11.95,1.1949999999999998,0.717,2020,7,July,3.585
ALM-80762-974,2020-03-23,84045-66771-SL,A-L-0.5,3,23.31,Pensacola,United States,No,Ara,L,0.5,7.77,1.5539999999999998,0.6992999999999999,2020,3,March,2.0979
NXF-15738-707,2020-01-26,28699-16256-XV,R-D-0.5,2,10.739999999999998,Silver Spring,United States,No,Rob,D,0.5,5.369999999999999,1.0739999999999998,0.3221999999999999,2020,1,January,0.6443999999999999
MVV-19034-198,2020-05-31,98476-63654-CG,E-D-2.5,6,167.67000000000002,Madison,United States,Yes,Exc,D,2.5,27.945,1.1178,3.07395,2020,5,May,18.4437
KUX-19632-830,2021-07-20,55409-07759-YG,E-D-0.2,6,21.87,Conroe,United States,Yes,Exc,D,0.2,3.645,1.8225,0.40095,2021,7,July,2.4057000000000004
SNZ-44595-152,2022-08-12,06136-65250-PG,R-L-1,2,23.9,Denton,United States,Yes,Rob,L,1.0,11.95,1.1949999999999998,0.717,2022,8,August,1.434
GQA-37241-629,2020-01-01,08405-33165-BS,A-M-0.2,2,6.75,Columbus,United States,Yes,Ara,M,0.2,3.375,1.6875,0.3037499999999999,2020,1,January,0.6074999999999999
WVV-79948-067,2021-01-18,66070-30559-WI,E-M-2.5,1,31.625,Bundoran,Ireland,Yes,Exc,M,2.5,31.625,1.265,3.47875,2021,1,January,3.47875
LHX-81117-166,2021-12-31,01282-28364-RZ,R-L-1,4,47.8,Aurora,United States,No,Rob,L,1.0,11.95,1.1949999999999998,0.717,2021,12,December,2.868
GCD-75444-320,2020-05-04,51277-93873-RP,L-M-2.5,1,33.465,Daytona Beach,United States,No,Lib,M,2.5,33.465,1.3385999999999998,4.35045,2020,5,May,4.35045
SGA-30059-217,2021-02-20,84405-83364-DG,A-D-0.5,5,29.85,Seaton,United Kingdom,Yes,Ara,D,0.5,5.97,1.194,0.5373,2021,2,February,2.6865
GNL-98714-885,2020-03-07,83731-53280-YC,R-M-1,3,29.85,Wirral,United Kingdom,Yes,Rob,M,1.0,9.95,0.995,0.597,2020,3,March,1.791
OQA-93249-841,2019-04-05,03917-13632-KC,A-M-2.5,6,155.24999999999997,Saint Louis,United States,Yes,Ara,M,2.5,25.875,1.035,2.3287499999999994,2019,4,April,13.972499999999997
DUV-12075-132,2022-06-06,62494-09113-RP,E-D-0.2,5,18.225,Fort Smith,United States,No,Exc,D,0.2,3.645,1.8225,0.40095,2022,6,June,2.00475
DUV-12075-132,2022-06-06,62494-09113-RP,L-D-0.5,2,15.54,Fort Smith,United States,No,Lib,D,0.5,7.77,1.5539999999999998,1.0101,2022,6,June,2.0202
KPO-24942-184,2021-03-21,70567-65133-CN,L-L-2.5,3,109.365,Bagenalstown,Ireland,No,Lib,L,2.5,36.455,1.4582,4.73915,2021,3,March,14.21745
SRJ-79353-838,2021-12-19,77869-81373-AY,A-L-1,6,77.69999999999999,Philadelphia,United States,No,Ara,L,1.0,12.95,1.295,1.1655,2021,12,December,6.993
XBV-40336-071,2021-02-17,38536-98293-JZ,A-D-0.2,3,8.955,Watergrasshill,Ireland,No,Ara,D,0.2,2.985,1.4925,0.26865,2021,2,February,0.8059499999999999
RLM-96511-467,2020-01-06,43014-53743-XK,R-L-2.5,1,27.485,Dallas,United States,No,Rob,L,2.5,27.485,1.0994,1.6490999999999998,2020,1,January,1.6490999999999998
AEZ-13242-456,2022-05-04,62494-09113-RP,R-M-0.5,5,29.85,Fort Smith,United States,No,Rob,M,0.5,5.97,1.194,0.3581999999999999,2022,5,May,1.791
UME-75640-698,2019-10-11,62494-09113-RP,A-M-0.5,4,27.0,Fort Smith,United States,No,Ara,M,0.5,6.75,1.35,0.6074999999999999,2019,10,October,2.43
GJC-66474-557,2021-08-03,64965-78386-MY,A-D-1,1,9.95,Whittier,United States,No,Ara,D,1.0,9.95,0.995,0.8954999999999999,2021,8,August,0.8954999999999999
IRV-20769-219,2020-10-15,77131-58092-GE,E-M-0.2,3,12.375,London,United Kingdom,Yes,Exc,M,0.2,4.125,2.0625,0.45375,2020,10,October,1.36125
